"Fecha","Último","Apertura","Máximo","Mínimo","% var."
"11.01.2021","1,2161","1,2188","1,2201","1,2133","-0,22%"
"10.01.2021","1,2188","1,2220","1,2227","1,2183","-0,25%"
"08.01.2021","1,2218","1,2273","1,2284","1,2191","-0,42%"
"07.01.2021","1,2270","1,2327","1,2346","1,2244","-0,45%"
"06.01.2021","1,2325","1,2296","1,2350","1,2265","0,25%"
"05.01.2021","1,2294","1,2247","1,2307","1,2246","0,38%"
"04.01.2021","1,2248","1,2231","1,2310","1,2223","0,29%"
"01.01.2021","1,2212","1,2216","1,2217","1,2210","-0,02%"
"31.12.2020","1,2214","1,2299","1,2309","1,2209","-0,66%"
"30.12.2020","1,2295","1,2248","1,2311","1,2246","0,39%"
"29.12.2020","1,2247","1,2217","1,2276","1,2207","0,27%"
"28.12.2020","1,2214","1,2202","1,2251","1,2181","0,08%"
"25.12.2020","1,2204","1,2186","1,2212","1,2165","0,15%"
"24.12.2020","1,2186","1,2188","1,2217","1,2177","0,01%"
"23.12.2020","1,2185","1,2163","1,2221","1,2154","0,20%"
"22.12.2020","1,2161","1,2244","1,2257","1,2151","-0,66%"
"21.12.2020","1,2242","1,2242","1,2254","1,2129","-0,11%"
"18.12.2020","1,2255","1,2268","1,2273","1,2225","-0,09%"
"17.12.2020","1,2266","1,2199","1,2274","1,2191","0,57%"
"16.12.2020","1,2197","1,2152","1,2213","1,2125","0,38%"
"15.12.2020","1,2151","1,2143","1,2170","1,2121","0,07%"
"14.12.2020","1,2143","1,2131","1,2177","1,2115","0,26%"
"11.12.2020","1,2111","1,2137","1,2163","1,2105","-0,21%"
"10.12.2020","1,2136","1,2083","1,2160","1,2075","0,46%"
"09.12.2020","1,2081","1,2103","1,2148","1,2059","-0,17%"
"08.12.2020","1,2101","1,2109","1,2134","1,2095","-0,06%"
"07.12.2020","1,2108","1,2128","1,2167","1,2078","-0,10%"
"04.12.2020","1,2120","1,2142","1,2178","1,2110","-0,16%"
"03.12.2020","1,2140","1,2115","1,2177","1,2100","0,21%"
"02.12.2020","1,2115","1,2070","1,2119","1,2040","0,37%"
"01.12.2020","1,2070","1,1928","1,2077","1,1926","1,19%"
"30.11.2020","1,1928","1,1957","1,2004","1,1924","-0,28%"
"27.11.2020","1,1962","1,1914","1,1965","1,1907","0,41%"
"26.11.2020","1,1913","1,1916","1,1941","1,1884","0,00%"
"25.11.2020","1,1913","1,1891","1,1931","1,1882","0,21%"
"24.11.2020","1,1888","1,1842","1,1897","1,1837","0,41%"
"23.11.2020","1,1840","1,1853","1,1906","1,1800","-0,11%"
"20.11.2020","1,1853","1,1875","1,1891","1,1849","-0,17%"
"19.11.2020","1,1873","1,1853","1,1883","1,1816","0,18%"
"18.11.2020","1,1852","1,1863","1,1892","1,1848","-0,08%"
"17.11.2020","1,1861","1,1852","1,1895","1,1842","0,07%"
"16.11.2020","1,1853","1,1829","1,1869","1,1813","0,18%"
"13.11.2020","1,1832","1,1805","1,1838","1,1798","0,24%"
"12.11.2020","1,1804","1,1777","1,1824","1,1758","0,23%"
"11.11.2020","1,1777","1,1810","1,1834","1,1745","-0,31%"
"10.11.2020","1,1814","1,1812","1,1844","1,1780","0,01%"
"09.11.2020","1,1813","1,1882","1,1920","1,1795","-0,50%"
"06.11.2020","1,1872","1,1826","1,1891","1,1795","0,43%"
"05.11.2020","1,1821","1,1725","1,1861","1,1710","0,84%"
"04.11.2020","1,1722","1,1715","1,1770","1,1603","0,09%"
"03.11.2020","1,1711","1,1640","1,1740","1,1633","0,61%"
"02.11.2020","1,1640","1,1658","1,1658","1,1622","-0,06%"
"30.10.2020","1,1647","1,1674","1,1705","1,1639","-0,23%"
"29.10.2020","1,1674","1,1746","1,1760","1,1650","-0,60%"
"28.10.2020","1,1744","1,1796","1,1798","1,1717","-0,43%"
"27.10.2020","1,1795","1,1810","1,1839","1,1793","-0,11%"
"26.10.2020","1,1808","1,1858","1,1861","1,1803","-0,43%"
"23.10.2020","1,1859","1,1819","1,1866","1,1787","0,36%"
"22.10.2020","1,1816","1,1862","1,1868","1,1811","-0,38%"
"21.10.2020","1,1861","1,1822","1,1882","1,1821","0,34%"
"20.10.2020","1,1821","1,1769","1,1841","1,1760","0,47%"
"19.10.2020","1,1766","1,1722","1,1795","1,1703","0,41%"
"16.10.2020","1,1718","1,1708","1,1746","1,1694","0,10%"
"15.10.2020","1,1706","1,1747","1,1760","1,1688","-0,34%"
"14.10.2020","1,1746","1,1746","1,1772","1,1719","0,02%"
"13.10.2020","1,1744","1,1813","1,1817","1,1731","-0,58%"
"12.10.2020","1,1813","1,1819","1,1827","1,1786","-0,09%"
"09.10.2020","1,1824","1,1759","1,1832","1,1753","0,56%"
"08.10.2020","1,1758","1,1762","1,1782","1,1732","-0,02%"
"07.10.2020","1,1760","1,1735","1,1783","1,1724","0,22%"
"06.10.2020","1,1734","1,1782","1,1809","1,1731","-0,40%"
"05.10.2020","1,1781","1,1716","1,1798","1,1707","0,58%"
"02.10.2020","1,1713","1,1748","1,1751","1,1695","-0,29%"
"01.10.2020","1,1747","1,1719","1,1770","1,1717","0,25%"
"30.09.2020","1,1718","1,1743","1,1756","1,1684","-0,20%"
"29.09.2020","1,1742","1,1666","1,1746","1,1660","0,67%"
"28.09.2020","1,1664","1,1638","1,1679","1,1615","0,29%"
"25.09.2020","1,1630","1,1671","1,1686","1,1612","-0,36%"
"24.09.2020","1,1672","1,1660","1,1688","1,1626","0,11%"
"23.09.2020","1,1659","1,1708","1,1719","1,1651","-0,40%"
"22.09.2020","1,1706","1,1770","1,1774","1,1691","-0,54%"
"21.09.2020","1,1769","1,1848","1,1873","1,1731","-0,57%"
"18.09.2020","1,1837","1,1848","1,1871","1,1826","-0,08%"
"17.09.2020","1,1847","1,1816","1,1854","1,1737","0,28%"
"16.09.2020","1,1814","1,1850","1,1883","1,1787","-0,26%"
"15.09.2020","1,1845","1,1865","1,1901","1,1839","-0,19%"
"14.09.2020","1,1868","1,1840","1,1889","1,1830","0,19%"
"11.09.2020","1,1845","1,1814","1,1875","1,1812","0,27%"
"10.09.2020","1,1813","1,1801","1,1918","1,1800","0,09%"
"09.09.2020","1,1802","1,1777","1,1834","1,1753","0,20%"
"08.09.2020","1,1779","1,1817","1,1829","1,1765","-0,32%"
"07.09.2020","1,1817","1,1833","1,1849","1,1811","-0,18%"
"04.09.2020","1,1838","1,1850","1,1866","1,1781","-0,09%"
"03.09.2020","1,1849","1,1852","1,1866","1,1789","-0,03%"
"02.09.2020","1,1853","1,1911","1,1931","1,1822","-0,48%"
"01.09.2020","1,1910","1,1936","1,2012","1,1901","-0,22%"
"31.08.2020","1,1936","1,1899","1,1967","1,1883","0,28%"
"28.08.2020","1,1903","1,1822","1,1920","1,1810","0,69%"
"27.08.2020","1,1821","1,1831","1,1902","1,1762","-0,07%"
"26.08.2020","1,1829","1,1834","1,1841","1,1772","-0,03%"
"25.08.2020","1,1833","1,1793","1,1845","1,1783","0,39%"
"24.08.2020","1,1787","1,1787","1,1851","1,1783","-0,07%"
"21.08.2020","1,1795","1,1860","1,1883","1,1754","-0,54%"
"20.08.2020","1,1859","1,1839","1,1869","1,1802","0,19%"
"19.08.2020","1,1836","1,1931","1,1954","1,1830","-0,78%"
"18.08.2020","1,1929","1,1870","1,1967","1,1865","0,51%"
"17.08.2020","1,1869","1,1840","1,1882","1,1829","0,24%"
"14.08.2020","1,1841","1,1815","1,1852","1,1782","0,25%"
"13.08.2020","1,1812","1,1786","1,1865","1,1781","0,25%"
"12.08.2020","1,1782","1,1740","1,1816","1,1710","0,37%"
"11.08.2020","1,1739","1,1738","1,1808","1,1722","0,03%"
"10.08.2020","1,1736","1,1788","1,1803","1,1736","-0,44%"
"07.08.2020","1,1788","1,1877","1,1884","1,1755","-0,75%"
"06.08.2020","1,1876","1,1863","1,1917","1,1818","0,11%"
"05.08.2020","1,1863","1,1802","1,1906","1,1793","0,52%"
"04.08.2020","1,1802","1,1765","1,1807","1,1720","0,33%"
"03.08.2020","1,1763","1,1783","1,1797","1,1696","-0,11%"
"31.07.2020","1,1776","1,1846","1,1910","1,1760","-0,60%"
"30.07.2020","1,1847","1,1788","1,1849","1,1731","0,47%"
"29.07.2020","1,1792","1,1718","1,1807","1,1714","0,65%"
"28.07.2020","1,1716","1,1753","1,1774","1,1698","-0,30%"
"27.07.2020","1,1752","1,1646","1,1782","1,1637","0,82%"
"24.07.2020","1,1656","1,1597","1,1659","1,1580","0,52%"
"23.07.2020","1,1596","1,1575","1,1628","1,1539","0,22%"
"22.07.2020","1,1570","1,1528","1,1602","1,1507","0,37%"
"21.07.2020","1,1528","1,1447","1,1540","1,1422","0,71%"
"20.07.2020","1,1446","1,1410","1,1468","1,1401","0,16%"
"17.07.2020","1,1428","1,1384","1,1444","1,1377","0,39%"
"16.07.2020","1,1384","1,1411","1,1443","1,1370","-0,24%"
"15.07.2020","1,1411","1,1400","1,1452","1,1391","0,12%"
"14.07.2020","1,1398","1,1343","1,1409","1,1324","0,49%"
"13.07.2020","1,1342","1,1300","1,1375","1,1297","0,37%"
"10.07.2020","1,1300","1,1285","1,1326","1,1255","0,15%"
"09.07.2020","1,1283","1,1329","1,1372","1,1279","-0,41%"
"08.07.2020","1,1330","1,1273","1,1352","1,1262","0,51%"
"07.07.2020","1,1272","1,1308","1,1334","1,1258","-0,33%"
"06.07.2020","1,1309","1,1242","1,1346","1,1240","0,53%"
"03.07.2020","1,1249","1,1239","1,1254","1,1219","0,08%"
"02.07.2020","1,1240","1,1252","1,1303","1,1222","-0,11%"
"01.07.2020","1,1252","1,1233","1,1276","1,1185","0,17%"
"30.06.2020","1,1233","1,1242","1,1263","1,1191","-0,08%"
"29.06.2020","1,1242","1,1227","1,1289","1,1216","0,21%"
"26.06.2020","1,1219","1,1218","1,1241","1,1194","0,01%"
"25.06.2020","1,1218","1,1251","1,1261","1,1190","-0,30%"
"24.06.2020","1,1252","1,1308","1,1327","1,1248","-0,50%"
"23.06.2020","1,1308","1,1259","1,1350","1,1233","0,43%"
"22.06.2020","1,1260","1,1185","1,1271","1,1168","0,74%"
"19.06.2020","1,1177","1,1205","1,1255","1,1168","-0,24%"
"18.06.2020","1,1204","1,1244","1,1264","1,1185","-0,36%"
"17.06.2020","1,1244","1,1264","1,1295","1,1207","-0,17%"
"16.06.2020","1,1264","1,1325","1,1353","1,1228","-0,53%"
"15.06.2020","1,1324","1,1245","1,1334","1,1226","0,60%"
"12.06.2020","1,1256","1,1299","1,1341","1,1212","-0,38%"
"11.06.2020","1,1299","1,1373","1,1404","1,1287","-0,63%"
"10.06.2020","1,1371","1,1340","1,1423","1,1322","0,26%"
"09.06.2020","1,1342","1,1297","1,1365","1,1241","0,43%"
"08.06.2020","1,1294","1,1289","1,1321","1,1267","0,07%"
"05.06.2020","1,1286","1,1337","1,1385","1,1278","-0,46%"
"04.06.2020","1,1338","1,1234","1,1363","1,1194","0,93%"
"03.06.2020","1,1234","1,1172","1,1257","1,1166","0,56%"
"02.06.2020","1,1171","1,1137","1,1197","1,1114","0,32%"
"01.06.2020","1,1135","1,1097","1,1155","1,1095","0,32%"
"29.05.2020","1,1099","1,1078","1,1146","1,1070","0,19%"
"28.05.2020","1,1078","1,1005","1,1094","1,0991","0,66%"
"27.05.2020","1,1005","1,0983","1,1032","1,0934","0,21%"
"26.05.2020","1,0982","1,0899","1,0997","1,0891","0,75%"
"25.05.2020","1,0900","1,0903","1,0915","1,0870","-0,02%"
"22.05.2020","1,0902","1,0949","1,0961","1,0885","-0,44%"
"21.05.2020","1,0950","1,0979","1,1010","1,0936","-0,26%"
"20.05.2020","1,0979","1,0928","1,1000","1,0918","0,51%"
"19.05.2020","1,0923","1,0913","1,0977","1,0901","0,09%"
"18.05.2020","1,0913","1,0816","1,0927","1,0799","0,90%"
"15.05.2020","1,0816","1,0805","1,0851","1,0789","0,10%"
"14.05.2020","1,0805","1,0819","1,0826","1,0775","-0,12%"
"13.05.2020","1,0818","1,0848","1,0897","1,0811","-0,28%"
"12.05.2020","1,0848","1,0807","1,0885","1,0784","0,37%"
"11.05.2020","1,0808","1,0838","1,0851","1,0800","-0,30%"
"08.05.2020","1,0841","1,0833","1,0876","1,0814","0,06%"
"07.05.2020","1,0834","1,0795","1,0835","1,0766","0,36%"
"06.05.2020","1,0795","1,0836","1,0848","1,0782","-0,42%"
"05.05.2020","1,0840","1,0907","1,0927","1,0826","-0,62%"
"04.05.2020","1,0908","1,0980","1,0980","1,0895","-0,70%"
"01.05.2020","1,0985","1,0956","1,1019","1,0934","0,26%"
"30.04.2020","1,0957","1,0872","1,0973","1,0833","0,75%"
"29.04.2020","1,0875","1,0819","1,0886","1,0818","0,51%"
"28.04.2020","1,0820","1,0829","1,0890","1,0810","-0,09%"
"27.04.2020","1,0830","1,0809","1,0862","1,0808","0,08%"
"24.04.2020","1,0821","1,0778","1,0831","1,0726","0,40%"
"23.04.2020","1,0778","1,0824","1,0848","1,0755","-0,42%"
"22.04.2020","1,0823","1,0857","1,0886","1,0802","-0,32%"
"21.04.2020","1,0858","1,0862","1,0882","1,0816","-0,05%"
"20.04.2020","1,0863","1,0875","1,0898","1,0841","-0,14%"
"17.04.2020","1,0878","1,0835","1,0893","1,0812","0,38%"
"16.04.2020","1,0837","1,0911","1,0913","1,0817","-0,66%"
"15.04.2020","1,0909","1,0980","1,0991","1,0856","-0,66%"
"14.04.2020","1,0981","1,0914","1,0988","1,0904","0,60%"
"13.04.2020","1,0915","1,0941","1,0969","1,0892","-0,19%"
"10.04.2020","1,0936","1,0930","1,0953","1,0919","0,06%"
"09.04.2020","1,0929","1,0857","1,0953","1,0841","0,65%"
"08.04.2020","1,0858","1,0891","1,0904","1,0829","-0,30%"
"07.04.2020","1,0891","1,0793","1,0926","1,0783","0,91%"
"06.04.2020","1,0793","1,0813","1,0835","1,0768","-0,15%"
"03.04.2020","1,0809","1,0858","1,0865","1,0773","-0,45%"
"02.04.2020","1,0858","1,0964","1,0970","1,0820","-0,97%"
"01.04.2020","1,0964","1,1031","1,1040","1,0903","-0,61%"
"31.03.2020","1,1031","1,1049","1,1056","1,0926","-0,15%"
"30.03.2020","1,1048","1,1136","1,1145","1,1010","-0,84%"
"27.03.2020","1,1142","1,1030","1,1148","1,0953","1,02%"
"26.03.2020","1,1030","1,0881","1,1059","1,0869","1,36%"
"25.03.2020","1,0882","1,0789","1,0895","1,0761","0,86%"
"24.03.2020","1,0789","1,0726","1,0889","1,0722","0,62%"
"23.03.2020","1,0723","1,0696","1,0828","1,0637","0,26%"
"20.03.2020","1,0695","1,0691","1,0832","1,0637","0,03%"
"19.03.2020","1,0691","1,0915","1,0982","1,0654","-2,05%"
"18.03.2020","1,0915","1,0997","1,1046","1,0802","-0,75%"
"17.03.2020","1,0997","1,1183","1,1190","1,0955","-1,66%"
"16.03.2020","1,1183","1,1085","1,1237","1,1046","0,69%"
"13.03.2020","1,1106","1,1185","1,1222","1,1054","-0,70%"
"12.03.2020","1,1185","1,1269","1,1334","1,1055","-0,75%"
"11.03.2020","1,1269","1,1280","1,1367","1,1257","-0,10%"
"10.03.2020","1,1280","1,1446","1,1459","1,1274","-1,48%"
"09.03.2020","1,1449","1,1292","1,1494","1,1284","1,44%"
"06.03.2020","1,1286","1,1238","1,1356","1,1212","0,40%"
"05.03.2020","1,1241","1,1136","1,1245","1,1119","0,94%"
"04.03.2020","1,1136","1,1172","1,1187","1,1094","-0,33%"
"03.03.2020","1,1173","1,1133","1,1214","1,1095","0,35%"
"02.03.2020","1,1134","1,1003","1,1186","1,1003","0,97%"
"28.02.2020","1,1027","1,1001","1,1054","1,0950","0,24%"
"27.02.2020","1,1000","1,0881","1,1006","1,0878","1,09%"
"26.02.2020","1,0881","1,0881","1,0910","1,0855","0,00%"
"25.02.2020","1,0881","1,0854","1,0891","1,0829","0,25%"
"24.02.2020","1,0854","1,0841","1,0872","1,0805","0,08%"
"21.02.2020","1,0845","1,0785","1,0864","1,0783","0,56%"
"20.02.2020","1,0785","1,0806","1,0821","1,0776","-0,19%"
"19.02.2020","1,0806","1,0791","1,0812","1,0782","0,13%"
"18.02.2020","1,0792","1,0838","1,0839","1,0785","-0,40%"
"17.02.2020","1,0835","1,0832","1,0852","1,0821","0,03%"
"14.02.2020","1,0832","1,0841","1,0862","1,0827","-0,09%"
"13.02.2020","1,0841","1,0874","1,0890","1,0833","-0,29%"
"12.02.2020","1,0873","1,0916","1,0927","1,0864","-0,39%"
"11.02.2020","1,0916","1,0911","1,0926","1,0891","0,05%"
"10.02.2020","1,0911","1,0951","1,0958","1,0907","-0,31%"
"07.02.2020","1,0945","1,0983","1,0986","1,0941","-0,32%"
"06.02.2020","1,0980","1,0999","1,1014","1,0964","-0,17%"
"05.02.2020","1,0999","1,1044","1,1049","1,0993","-0,41%"
"04.02.2020","1,1044","1,1059","1,1065","1,1033","-0,14%"
"03.02.2020","1,1060","1,1092","1,1096","1,1035","-0,31%"
"31.01.2020","1,1094","1,1032","1,1097","1,1016","0,56%"
"30.01.2020","1,1032","1,1010","1,1040","1,1006","0,19%"
"29.01.2020","1,1011","1,1022","1,1028","1,0991","-0,10%"
"28.01.2020","1,1022","1,1019","1,1026","1,0998","0,04%"
"27.01.2020","1,1018","1,1021","1,1039","1,1009","-0,06%"
"24.01.2020","1,1025","1,1055","1,1063","1,1020","-0,26%"
"23.01.2020","1,1054","1,1092","1,1109","1,1036","-0,35%"
"22.01.2020","1,1093","1,1084","1,1099","1,1070","0,08%"
"21.01.2020","1,1084","1,1095","1,1119","1,1080","-0,10%"
"20.01.2020","1,1095","1,1092","1,1104","1,1076","0,05%"
"17.01.2020","1,1090","1,1136","1,1143","1,1085","-0,42%"
"16.01.2020","1,1137","1,1151","1,1173","1,1128","-0,13%"
"15.01.2020","1,1151","1,1130","1,1164","1,1118","0,20%"
"14.01.2020","1,1128","1,1135","1,1145","1,1104","-0,06%"
"13.01.2020","1,1135","1,1125","1,1148","1,1112","0,12%"
"10.01.2020","1,1122","1,1106","1,1130","1,1085","0,14%"
"09.01.2020","1,1106","1,1106","1,1121","1,1092","0,01%"
"08.01.2020","1,1105","1,1154","1,1169","1,1101","-0,43%"
"07.01.2020","1,1153","1,1198","1,1198","1,1133","-0,38%"
"06.01.2020","1,1195","1,1168","1,1207","1,1155","0,31%"
"03.01.2020","1,1160","1,1172","1,1181","1,1125","-0,11%"
"02.01.2020","1,1172","1,1212","1,1227","1,1163","-0,36%"
"01.01.2020","1,1212","1,1213","1,1223","1,1205","0,00%"
"31.12.2019","1,1212","1,1198","1,1240","1,1198","0,12%"
"30.12.2019","1,1199","1,1175","1,1223","1,1170","0,20%"
"27.12.2019","1,1177","1,1097","1,1188","1,1095","0,71%"
"26.12.2019","1,1098","1,1091","1,1110","1,1082","0,06%"
"25.12.2019","1,1091","1,1089","1,1107","1,1073","0,03%"
"24.12.2019","1,1088","1,1089","1,1095","1,1069","0,00%"
"23.12.2019","1,1088","1,1081","1,1097","1,1069","0,08%"
"20.12.2019","1,1079","1,1122","1,1127","1,1065","-0,39%"
"19.12.2019","1,1122","1,1113","1,1145","1,1107","0,08%"
"18.12.2019","1,1113","1,1150","1,1156","1,1110","-0,33%"
"17.12.2019","1,1150","1,1143","1,1176","1,1128","0,05%"
"16.12.2019","1,1144","1,1122","1,1159","1,1122","0,21%"
"13.12.2019","1,1121","1,1129","1,1200","1,1111","-0,08%"
"12.12.2019","1,1130","1,1130","1,1155","1,1102","0,00%"
"11.12.2019","1,1130","1,1092","1,1145","1,1070","0,33%"
"10.12.2019","1,1093","1,1063","1,1099","1,1062","0,26%"
"09.12.2019","1,1064","1,1055","1,1079","1,1052","0,05%"
"06.12.2019","1,1059","1,1105","1,1111","1,1040","-0,41%"
"05.12.2019","1,1104","1,1079","1,1109","1,1077","0,23%"
"04.12.2019","1,1078","1,1082","1,1116","1,1066","-0,05%"
"03.12.2019","1,1083","1,1078","1,1094","1,1065","0,04%"
"02.12.2019","1,1079","1,1014","1,1090","1,1003","0,56%"
"29.11.2019","1,1017","1,1008","1,1029","1,0980","0,07%"
"28.11.2019","1,1009","1,0999","1,1019","1,0999","0,09%"
"27.11.2019","1,0999","1,1020","1,1026","1,0991","-0,19%"
"26.11.2019","1,1020","1,1014","1,1027","1,1006","0,05%"
"25.11.2019","1,1014","1,1024","1,1033","1,1004","-0,09%"
"22.11.2019","1,1024","1,1058","1,1086","1,1014","-0,32%"
"21.11.2019","1,1059","1,1074","1,1098","1,1051","-0,13%"
"20.11.2019","1,1073","1,1078","1,1083","1,1053","-0,05%"
"19.11.2019","1,1079","1,1072","1,1085","1,1062","0,06%"
"18.11.2019","1,1072","1,1052","1,1091","1,1048","0,18%"
"15.11.2019","1,1052","1,1021","1,1058","1,1014","0,26%"
"14.11.2019","1,1023","1,1006","1,1028","1,0989","0,15%"
"13.11.2019","1,1007","1,1010","1,1021","1,0994","-0,02%"
"12.11.2019","1,1009","1,1033","1,1040","1,1002","-0,22%"
"11.11.2019","1,1033","1,1022","1,1044","1,1016","0,14%"
"08.11.2019","1,1018","1,1050","1,1056","1,1016","-0,29%"
"07.11.2019","1,1049","1,1066","1,1092","1,1035","-0,16%"
"06.11.2019","1,1067","1,1075","1,1094","1,1064","-0,07%"
"05.11.2019","1,1075","1,1128","1,1141","1,1063","-0,48%"
"04.11.2019","1,1128","1,1165","1,1176","1,1124","-0,35%"
"01.11.2019","1,1167","1,1152","1,1172","1,1128","0,13%"
"31.10.2019","1,1152","1,1151","1,1176","1,1130","0,02%"
"30.10.2019","1,1150","1,1112","1,1152","1,1079","0,34%"
"29.10.2019","1,1112","1,1099","1,1120","1,1073","0,11%"
"28.10.2019","1,1100","1,1082","1,1108","1,1076","0,18%"
"25.10.2019","1,1080","1,1104","1,1123","1,1072","-0,22%"
"24.10.2019","1,1105","1,1131","1,1164","1,1092","-0,23%"
"23.10.2019","1,1130","1,1125","1,1141","1,1106","0,05%"
"22.10.2019","1,1125","1,1150","1,1158","1,1118","-0,22%"
"21.10.2019","1,1149","1,1143","1,1180","1,1137","-0,20%"
"18.10.2019","1,1171","1,1125","1,1173","1,1114","0,42%"
"17.10.2019","1,1124","1,1072","1,1141","1,1064","0,47%"
"16.10.2019","1,1072","1,1033","1,1086","1,1021","0,35%"
"15.10.2019","1,1033","1,1028","1,1047","1,0991","0,04%"
"14.10.2019","1,1029","1,1044","1,1050","1,1013","-0,12%"
"11.10.2019","1,1042","1,1006","1,1063","1,1000","0,33%"
"10.10.2019","1,1006","1,0971","1,1035","1,0970","0,32%"
"09.10.2019","1,0971","1,0956","1,0991","1,0951","0,14%"
"08.10.2019","1,0956","1,0971","1,0997","1,0941","-0,14%"
"07.10.2019","1,0971","1,0976","1,1001","1,0962","-0,06%"
"04.10.2019","1,0978","1,0963","1,0999","1,0956","0,11%"
"03.10.2019","1,0966","1,0959","1,1000","1,0941","0,06%"
"02.10.2019","1,0959","1,0933","1,0964","1,0904","0,25%"
"01.10.2019","1,0932","1,0900","1,0943","1,0878","0,29%"
"30.09.2019","1,0900","1,0940","1,0948","1,0884","-0,36%"
"27.09.2019","1,0939","1,0921","1,0960","1,0905","0,16%"
"26.09.2019","1,0922","1,0942","1,0969","1,0908","-0,19%"
"25.09.2019","1,0943","1,1020","1,1025","1,0937","-0,70%"
"24.09.2019","1,1020","1,0994","1,1025","1,0983","0,25%"
"23.09.2019","1,0993","1,1016","1,1027","1,0965","-0,23%"
"20.09.2019","1,1018","1,1042","1,1069","1,0996","-0,21%"
"19.09.2019","1,1041","1,1030","1,1075","1,1022","0,10%"
"18.09.2019","1,1030","1,1073","1,1077","1,1013","-0,39%"
"17.09.2019","1,1073","1,1000","1,1076","1,0990","0,65%"
"16.09.2019","1,1002","1,1087","1,1093","1,0993","-0,66%"
"13.09.2019","1,1075","1,1063","1,1110","1,1055","0,11%"
"12.09.2019","1,1063","1,1011","1,1087","1,0927","0,48%"
"11.09.2019","1,1010","1,1044","1,1056","1,0984","-0,30%"
"10.09.2019","1,1043","1,1047","1,1061","1,1030","-0,04%"
"09.09.2019","1,1048","1,1024","1,1069","1,1015","0,17%"
"06.09.2019","1,1029","1,1034","1,1057","1,1020","-0,05%"
"05.09.2019","1,1035","1,1037","1,1085","1,1016","0,00%"
"04.09.2019","1,1034","1,0974","1,1039","1,0968","0,55%"
"03.09.2019","1,0974","1,0970","1,0979","1,0926","0,05%"
"02.09.2019","1,0968","1,0989","1,1000","1,0957","-0,21%"
"30.08.2019","1,0991","1,1056","1,1062","1,0963","-0,60%"
"29.08.2019","1,1057","1,1077","1,1092","1,1042","-0,19%"
"28.08.2019","1,1078","1,1091","1,1099","1,1072","-0,12%"
"27.08.2019","1,1091","1,1103","1,1116","1,1085","-0,10%"
"26.08.2019","1,1102","1,1145","1,1166","1,1093","-0,38%"
"23.08.2019","1,1144","1,1079","1,1154","1,1051","0,59%"
"22.08.2019","1,1079","1,1085","1,1114","1,1063","-0,05%"
"21.08.2019","1,1085","1,1100","1,1108","1,1080","-0,14%"
"20.08.2019","1,1100","1,1079","1,1107","1,1065","0,20%"
"19.08.2019","1,1078","1,1092","1,1114","1,1076","-0,11%"
"16.08.2019","1,1090","1,1107","1,1114","1,1066","-0,15%"
"15.08.2019","1,1107","1,1139","1,1159","1,1091","-0,29%"
"14.08.2019","1,1139","1,1171","1,1192","1,1130","-0,28%"
"13.08.2019","1,1171","1,1214","1,1229","1,1170","-0,39%"
"12.08.2019","1,1214","1,1204","1,1231","1,1162","0,12%"
"09.08.2019","1,1200","1,1180","1,1223","1,1179","0,18%"
"08.08.2019","1,1180","1,1199","1,1233","1,1177","-0,17%"
"07.08.2019","1,1199","1,1199","1,1243","1,1179","-0,01%"
"06.08.2019","1,1200","1,1203","1,1250","1,1168","-0,02%"
"05.08.2019","1,1202","1,1103","1,1214","1,1103","0,84%"
"02.08.2019","1,1109","1,1085","1,1118","1,1070","0,22%"
"01.08.2019","1,1085","1,1076","1,1096","1,1027","0,09%"
"31.07.2019","1,1076","1,1155","1,1163","1,1059","-0,71%"
"30.07.2019","1,1155","1,1144","1,1162","1,1132","0,09%"
"29.07.2019","1,1144","1,1127","1,1151","1,1113","0,16%"
"26.07.2019","1,1127","1,1147","1,1151","1,1112","-0,18%"
"25.07.2019","1,1147","1,1141","1,1188","1,1101","0,05%"
"24.07.2019","1,1141","1,1152","1,1159","1,1127","-0,11%"
"23.07.2019","1,1153","1,1210","1,1211","1,1145","-0,51%"
"22.07.2019","1,1210","1,1218","1,1226","1,1206","-0,11%"
"19.07.2019","1,1222","1,1277","1,1283","1,1203","-0,49%"
"18.07.2019","1,1277","1,1224","1,1281","1,1205","0,47%"
"17.07.2019","1,1224","1,1211","1,1235","1,1200","0,12%"
"16.07.2019","1,1211","1,1257","1,1264","1,1201","-0,42%"
"15.07.2019","1,1258","1,1269","1,1285","1,1252","-0,12%"
"12.07.2019","1,1271","1,1254","1,1276","1,1237","0,15%"
"11.07.2019","1,1254","1,1251","1,1286","1,1244","0,03%"
"10.07.2019","1,1251","1,1208","1,1264","1,1201","0,38%"
"09.07.2019","1,1208","1,1215","1,1220","1,1193","-0,06%"
"08.07.2019","1,1214","1,1223","1,1235","1,1207","-0,10%"
"05.07.2019","1,1226","1,1285","1,1288","1,1207","-0,52%"
"04.07.2019","1,1285","1,1278","1,1296","1,1272","0,06%"
"03.07.2019","1,1278","1,1285","1,1312","1,1268","-0,06%"
"02.07.2019","1,1285","1,1286","1,1321","1,1274","-0,00%"
"01.07.2019","1,1286","1,1376","1,1376","1,1280","-0,74%"
"28.06.2019","1,1370","1,1371","1,1395","1,1351","0,00%"
"27.06.2019","1,1370","1,1369","1,1383","1,1348","0,01%"
"26.06.2019","1,1369","1,1365","1,1392","1,1347","0,02%"
"25.06.2019","1,1367","1,1400","1,1414","1,1344","-0,27%"
"24.06.2019","1,1398","1,1361","1,1405","1,1361","0,26%"
"21.06.2019","1,1368","1,1292","1,1379","1,1283","0,67%"
"20.06.2019","1,1292","1,1225","1,1318","1,1225","0,59%"
"19.06.2019","1,1226","1,1193","1,1254","1,1187","0,29%"
"18.06.2019","1,1193","1,1219","1,1244","1,1181","-0,22%"
"17.06.2019","1,1218","1,1215","1,1247","1,1203","0,08%"
"14.06.2019","1,1209","1,1282","1,1291","1,1202","-0,60%"
"13.06.2019","1,1277","1,1287","1,1305","1,1268","-0,11%"
"12.06.2019","1,1289","1,1326","1,1345","1,1282","-0,38%"
"11.06.2019","1,1332","1,1313","1,1340","1,1302","0,15%"
"10.06.2019","1,1315","1,1324","1,1333","1,1291","-0,16%"
"07.06.2019","1,1333","1,1276","1,1349","1,1251","0,51%"
"06.06.2019","1,1276","1,1229","1,1310","1,1214","0,49%"
"05.06.2019","1,1221","1,1251","1,1308","1,1219","-0,28%"
"04.06.2019","1,1252","1,1241","1,1278","1,1226","0,10%"
"03.06.2019","1,1241","1,1168","1,1263","1,1155","0,64%"
"31.05.2019","1,1169","1,1134","1,1181","1,1125","0,34%"
"30.05.2019","1,1131","1,1130","1,1144","1,1115","0,00%"
"29.05.2019","1,1131","1,1162","1,1175","1,1124","-0,26%"
"28.05.2019","1,1160","1,1198","1,1202","1,1158","-0,35%"
"27.05.2019","1,1199","1,1197","1,1218","1,1186","-0,04%"
"24.05.2019","1,1204","1,1183","1,1215","1,1175","0,21%"
"23.05.2019","1,1180","1,1150","1,1187","1,1106","0,24%"
"22.05.2019","1,1153","1,1166","1,1180","1,1145","-0,06%"
"21.05.2019","1,1160","1,1171","1,1189","1,1142","-0,10%"
"20.05.2019","1,1171","1,1158","1,1177","1,1148","0,12%"
"17.05.2019","1,1158","1,1176","1,1186","1,1155","-0,14%"
"16.05.2019","1,1174","1,1202","1,1227","1,1166","-0,25%"
"15.05.2019","1,1202","1,1205","1,1226","1,1177","-0,02%"
"14.05.2019","1,1204","1,1224","1,1247","1,1200","-0,18%"
"13.05.2019","1,1224","1,1241","1,1266","1,1221","-0,10%"
"10.05.2019","1,1235","1,1215","1,1255","1,1214","0,12%"
"09.05.2019","1,1222","1,1194","1,1254","1,1174","0,27%"
"08.05.2019","1,1192","1,1189","1,1215","1,1181","0,01%"
"07.05.2019","1,1191","1,1198","1,1222","1,1165","-0,08%"
"06.05.2019","1,1200","1,1173","1,1212","1,1160","-0,02%"
"03.05.2019","1,1202","1,1178","1,1208","1,1135","0,21%"
"02.05.2019","1,1179","1,1202","1,1221","1,1172","-0,15%"
"01.05.2019","1,1196","1,1215","1,1267","1,1188","-0,19%"
"30.04.2019","1,1217","1,1185","1,1232","1,1176","0,28%"
"29.04.2019","1,1186","1,1153","1,1191","1,1140","0,33%"
"26.04.2019","1,1149","1,1130","1,1175","1,1111","0,15%"
"25.04.2019","1,1132","1,1160","1,1164","1,1118","-0,20%"
"24.04.2019","1,1154","1,1229","1,1233","1,1141","-0,65%"
"23.04.2019","1,1227","1,1259","1,1264","1,1192","-0,28%"
"22.04.2019","1,1258","1,1246","1,1265","1,1237","0,09%"
"19.04.2019","1,1248","1,1240","1,1255","1,1229","0,15%"
"18.04.2019","1,1231","1,1297","1,1307","1,1226","-0,58%"
"17.04.2019","1,1297","1,1282","1,1326","1,1280","0,14%"
"16.04.2019","1,1281","1,1304","1,1315","1,1279","-0,25%"
"15.04.2019","1,1309","1,1300","1,1323","1,1296","0,06%"
"12.04.2019","1,1302","1,1255","1,1327","1,1253","0,44%"
"11.04.2019","1,1253","1,1274","1,1293","1,1249","-0,19%"
"10.04.2019","1,1274","1,1261","1,1286","1,1228","0,10%"
"09.04.2019","1,1263","1,1272","1,1287","1,1255","0,02%"
"08.04.2019","1,1261","1,1218","1,1277","1,1213","0,40%"
"05.04.2019","1,1216","1,1223","1,1246","1,1210","-0,04%"
"04.04.2019","1,1221","1,1233","1,1249","1,1205","-0,12%"
"03.04.2019","1,1235","1,1204","1,1256","1,1200","0,28%"
"02.04.2019","1,1204","1,1217","1,1220","1,1183","-0,08%"
"01.04.2019","1,1213","1,1217","1,1250","1,1202","-0,04%"
"29.03.2019","1,1218","1,1220","1,1248","1,1208","-0,04%"
"28.03.2019","1,1222","1,1244","1,1264","1,1214","-0,22%"
"27.03.2019","1,1247","1,1266","1,1286","1,1240","-0,17%"
"26.03.2019","1,1266","1,1313","1,1329","1,1263","-0,42%"
"25.03.2019","1,1313","1,1294","1,1334","1,1284","-0,01%"
"22.03.2019","1,1314","1,1376","1,1393","1,1272","-0,54%"
"21.03.2019","1,1375","1,1413","1,1440","1,1342","-0,34%"
"20.03.2019","1,1414","1,1352","1,1450","1,1336","0,55%"
"19.03.2019","1,1352","1,1338","1,1364","1,1334","0,13%"
"18.03.2019","1,1337","1,1322","1,1360","1,1316","0,11%"
"15.03.2019","1,1325","1,1304","1,1345","1,1295","0,19%"
"14.03.2019","1,1304","1,1330","1,1343","1,1294","-0,20%"
"13.03.2019","1,1327","1,1288","1,1341","1,1277","0,35%"
"12.03.2019","1,1288","1,1249","1,1309","1,1244","0,35%"
"11.03.2019","1,1249","1,1240","1,1260","1,1222","0,08%"
"08.03.2019","1,1240","1,1194","1,1248","1,1185","0,41%"
"07.03.2019","1,1194","1,1306","1,1322","1,1176","-1,00%"
"06.03.2019","1,1307","1,1313","1,1328","1,1286","-0,01%"
"05.03.2019","1,1308","1,1339","1,1353","1,1290","-0,28%"
"04.03.2019","1,1340","1,1380","1,1398","1,1309","-0,33%"
"01.03.2019","1,1377","1,1372","1,1410","1,1353","0,05%"
"28.02.2019","1,1371","1,1371","1,1421","1,1357","0,02%"
"27.02.2019","1,1369","1,1396","1,1404","1,1360","-0,16%"
"26.02.2019","1,1387","1,1366","1,1404","1,1343","0,25%"
"25.02.2019","1,1359","1,1338","1,1369","1,1323","0,14%"
"22.02.2019","1,1343","1,1337","1,1360","1,1315","0,06%"
"21.02.2019","1,1336","1,1338","1,1368","1,1320","-0,01%"
"20.02.2019","1,1337","1,1342","1,1374","1,1324","-0,04%"
"19.02.2019","1,1341","1,1310","1,1358","1,1274","0,27%"
"18.02.2019","1,1311","1,1288","1,1337","1,1284","0,14%"
"15.02.2019","1,1295","1,1295","1,1313","1,1233","-0,05%"
"14.02.2019","1,1301","1,1262","1,1313","1,1247","0,30%"
"13.02.2019","1,1267","1,1326","1,1346","1,1260","-0,51%"
"12.02.2019","1,1325","1,1280","1,1342","1,1256","0,43%"
"11.02.2019","1,1276","1,1328","1,1331","1,1264","-0,48%"
"08.02.2019","1,1330","1,1346","1,1355","1,1320","-0,10%"
"07.02.2019","1,1341","1,1360","1,1375","1,1322","-0,18%"
"06.02.2019","1,1362","1,1406","1,1420","1,1359","-0,46%"
"05.02.2019","1,1415","1,1442","1,1456","1,1400","-0,20%"
"04.02.2019","1,1438","1,1457","1,1467","1,1421","-0,16%"
"01.02.2019","1,1456","1,1447","1,1490","1,1433","0,09%"
"31.01.2019","1,1446","1,1480","1,1517","1,1434","-0,29%"
"30.01.2019","1,1479","1,1433","1,1503","1,1404","0,41%"
"29.01.2019","1,1432","1,1428","1,1453","1,1410","-0,02%"
"28.01.2019","1,1434","1,1404","1,1445","1,1388","0,17%"
"25.01.2019","1,1415","1,1306","1,1421","1,1298","0,96%"
"24.01.2019","1,1306","1,1380","1,1398","1,1287","-0,66%"
"23.01.2019","1,1381","1,1358","1,1397","1,1348","0,19%"
"22.01.2019","1,1359","1,1365","1,1386","1,1334","-0,06%"
"21.01.2019","1,1366","1,1371","1,1409","1,1355","0,03%"
"18.01.2019","1,1363","1,1389","1,1413","1,1352","-0,31%"
"17.01.2019","1,1398","1,1396","1,1410","1,1369","-0,02%"
"16.01.2019","1,1400","1,1414","1,1429","1,1377","-0,15%"
"15.01.2019","1,1417","1,1473","1,1494","1,1381","-0,52%"
"14.01.2019","1,1477","1,1471","1,1485","1,1440","0,07%"
"11.01.2019","1,1469","1,1499","1,1542","1,1457","-0,27%"
"10.01.2019","1,1500","1,1542","1,1572","1,1485","-0,37%"
"09.01.2019","1,1543","1,1444","1,1556","1,1435","0,88%"
"08.01.2019","1,1442","1,1476","1,1487","1,1422","-0,30%"
"07.01.2019","1,1476","1,1392","1,1485","1,1392","0,71%"
"04.01.2019","1,1395","1,1393","1,1422","1,1345","0,01%"
"03.01.2019","1,1394","1,1345","1,1413","1,1309","0,45%"
"02.01.2019","1,1343","1,1464","1,1499","1,1325","-1,06%"
"01.01.2019","1,1464","1,1466","1,1481","1,1425","-0,05%"
"31.12.2018","1,1470","1,1443","1,1470","1,1421","0,28%"
"28.12.2018","1,1438","1,1429","1,1478","1,1424","0,07%"
"27.12.2018","1,1430","1,1353","1,1457","1,1349","0,68%"
"26.12.2018","1,1353","1,1363","1,1423","1,1342","-0,08%"
"25.12.2018","1,1362","1,1400","1,1429","1,1361","-0,33%"
"24.12.2018","1,1400","1,1370","1,1439","1,1350","0,27%"
"21.12.2018","1,1369","1,1447","1,1477","1,1353","-0,67%"
"20.12.2018","1,1446","1,1377","1,1487","1,1371","0,61%"
"19.12.2018","1,1377","1,1361","1,1442","1,1360","0,14%"
"18.12.2018","1,1361","1,1346","1,1402","1,1336","0,12%"
"17.12.2018","1,1347","1,1308","1,1360","1,1299","0,34%"
"14.12.2018","1,1309","1,1362","1,1374","1,1268","-0,48%"
"13.12.2018","1,1363","1,1369","1,1396","1,1330","-0,04%"
"12.12.2018","1,1368","1,1317","1,1388","1,1312","0,46%"
"11.12.2018","1,1316","1,1361","1,1402","1,1304","-0,35%"
"10.12.2018","1,1356","1,1401","1,1444","1,1349","-0,19%"
"07.12.2018","1,1378","1,1377","1,1425","1,1359","0,02%"
"06.12.2018","1,1376","1,1345","1,1414","1,1321","0,28%"
"05.12.2018","1,1344","1,1342","1,1361","1,1309","-0,01%"
"04.12.2018","1,1345","1,1354","1,1421","1,1318","-0,08%"
"03.12.2018","1,1354","1,1315","1,1382","1,1315","0,33%"
"30.11.2018","1,1317","1,1395","1,1402","1,1304","-0,67%"
"29.11.2018","1,1393","1,1367","1,1403","1,1348","0,24%"
"28.11.2018","1,1366","1,1291","1,1387","1,1264","0,69%"
"27.11.2018","1,1288","1,1326","1,1344","1,1276","-0,35%"
"26.11.2018","1,1328","1,1343","1,1385","1,1323","-0,11%"
"23.11.2018","1,1341","1,1403","1,1422","1,1325","-0,59%"
"22.11.2018","1,1408","1,1382","1,1434","1,1378","0,20%"
"21.11.2018","1,1385","1,1371","1,1426","1,1363","0,12%"
"20.11.2018","1,1371","1,1453","1,1473","1,1357","-0,72%"
"19.11.2018","1,1453","1,1403","1,1467","1,1393","0,29%"
"16.11.2018","1,1420","1,1330","1,1423","1,1320","0,81%"
"15.11.2018","1,1328","1,1309","1,1364","1,1271","0,16%"
"14.11.2018","1,1310","1,1290","1,1349","1,1262","0,17%"
"13.11.2018","1,1291","1,1219","1,1296","1,1216","0,65%"
"12.11.2018","1,1218","1,1331","1,1333","1,1214","-1,04%"
"09.11.2018","1,1336","1,1364","1,1371","1,1315","-0,24%"
"08.11.2018","1,1363","1,1425","1,1448","1,1352","-0,55%"
"07.11.2018","1,1426","1,1427","1,1502","1,1395","-0,01%"
"06.11.2018","1,1427","1,1406","1,1440","1,1389","0,18%"
"05.11.2018","1,1407","1,1391","1,1425","1,1356","0,18%"
"02.11.2018","1,1387","1,1408","1,1458","1,1372","-0,19%"
"01.11.2018","1,1409","1,1311","1,1426","1,1306","0,86%"
"31.10.2018","1,1312","1,1345","1,1363","1,1301","-0,28%"
"30.10.2018","1,1344","1,1372","1,1387","1,1338","-0,25%"
"29.10.2018","1,1373","1,1408","1,1418","1,1361","-0,26%"
"26.10.2018","1,1403","1,1376","1,1422","1,1334","0,24%"
"25.10.2018","1,1376","1,1392","1,1434","1,1355","-0,14%"
"24.10.2018","1,1392","1,1470","1,1477","1,1378","-0,69%"
"23.10.2018","1,1471","1,1466","1,1495","1,1438","0,05%"
"22.10.2018","1,1465","1,1507","1,1552","1,1455","-0,43%"
"19.10.2018","1,1515","1,1451","1,1536","1,1433","0,54%"
"18.10.2018","1,1453","1,1500","1,1528","1,1448","-0,42%"
"17.10.2018","1,1501","1,1575","1,1585","1,1495","-0,64%"
"16.10.2018","1,1575","1,1580","1,1623","1,1564","-0,03%"
"15.10.2018","1,1579","1,1559","1,1608","1,1537","0,14%"
"12.10.2018","1,1563","1,1592","1,1611","1,1534","-0,27%"
"11.10.2018","1,1594","1,1519","1,1600","1,1517","0,64%"
"10.10.2018","1,1520","1,1491","1,1547","1,1479","0,26%"
"09.10.2018","1,1490","1,1491","1,1504","1,1430","-0,02%"
"08.10.2018","1,1492","1,1520","1,1536","1,1459","-0,28%"
"05.10.2018","1,1524","1,1513","1,1550","1,1483","0,08%"
"04.10.2018","1,1515","1,1478","1,1543","1,1464","0,32%"
"03.10.2018","1,1478","1,1548","1,1595","1,1465","-0,61%"
"02.10.2018","1,1548","1,1578","1,1582","1,1506","-0,26%"
"01.10.2018","1,1578","1,1609","1,1630","1,1563","-0,27%"
"28.09.2018","1,1609","1,1641","1,1652","1,1567","-0,27%"
"27.09.2018","1,1641","1,1740","1,1759","1,1637","-0,84%"
"26.09.2018","1,1740","1,1767","1,1799","1,1726","-0,27%"
"25.09.2018","1,1772","1,1748","1,1793","1,1730","0,20%"
"24.09.2018","1,1748","1,1751","1,1817","1,1723","-0,02%"
"21.09.2018","1,1750","1,1776","1,1804","1,1731","-0,23%"
"20.09.2018","1,1777","1,1671","1,1786","1,1665","0,89%"
"19.09.2018","1,1673","1,1667","1,1716","1,1648","0,05%"
"18.09.2018","1,1667","1,1684","1,1726","1,1651","-0,14%"
"17.09.2018","1,1683","1,1623","1,1699","1,1617","0,46%"
"14.09.2018","1,1630","1,1690","1,1724","1,1619","-0,51%"
"13.09.2018","1,1690","1,1627","1,1703","1,1608","0,55%"
"12.09.2018","1,1626","1,1604","1,1651","1,1570","0,16%"
"11.09.2018","1,1607","1,1594","1,1645","1,1565","0,11%"
"10.09.2018","1,1594","1,1560","1,1617","1,1526","0,35%"
"07.09.2018","1,1553","1,1624","1,1651","1,1550","-0,59%"
"06.09.2018","1,1622","1,1629","1,1660","1,1603","-0,06%"
"05.09.2018","1,1629","1,1581","1,1640","1,1542","0,41%"
"04.09.2018","1,1582","1,1623","1,1629","1,1528","-0,36%"
"03.09.2018","1,1624","1,1596","1,1629","1,1583","0,20%"
"31.08.2018","1,1601","1,1671","1,1692","1,1585","-0,60%"
"30.08.2018","1,1671","1,1707","1,1720","1,1641","-0,32%"
"29.08.2018","1,1708","1,1695","1,1712","1,1652","0,11%"
"28.08.2018","1,1695","1,1678","1,1735","1,1662","0,15%"
"27.08.2018","1,1678","1,1631","1,1694","1,1592","0,47%"
"24.08.2018","1,1623","1,1540","1,1641","1,1533","0,73%"
"23.08.2018","1,1539","1,1596","1,1601","1,1530","-0,50%"
"22.08.2018","1,1597","1,1570","1,1624","1,1551","0,22%"
"21.08.2018","1,1571","1,1482","1,1602","1,1479","0,78%"
"20.08.2018","1,1481","1,1442","1,1486","1,1394","0,37%"
"17.08.2018","1,1439","1,1377","1,1447","1,1365","0,54%"
"16.08.2018","1,1377","1,1345","1,1411","1,1335","0,28%"
"15.08.2018","1,1345","1,1344","1,1357","1,1299","0,01%"
"14.08.2018","1,1344","1,1410","1,1431","1,1330","-0,57%"
"13.08.2018","1,1409","1,1389","1,1434","1,1364","-0,02%"
"10.08.2018","1,1411","1,1526","1,1537","1,1384","-1,01%"
"09.08.2018","1,1527","1,1609","1,1620","1,1525","-0,72%"
"08.08.2018","1,1611","1,1598","1,1629","1,1571","0,10%"
"07.08.2018","1,1599","1,1555","1,1610","1,1547","0,39%"
"06.08.2018","1,1554","1,1571","1,1574","1,1527","-0,11%"
"03.08.2018","1,1567","1,1583","1,1611","1,1559","-0,15%"
"02.08.2018","1,1584","1,1660","1,1669","1,1582","-0,65%"
"01.08.2018","1,1660","1,1691","1,1701","1,1656","-0,27%"
"31.07.2018","1,1691","1,1706","1,1745","1,1682","-0,13%"
"30.07.2018","1,1706","1,1660","1,1721","1,1648","0,41%"
"27.07.2018","1,1658","1,1643","1,1665","1,1621","0,13%"
"26.07.2018","1,1643","1,1728","1,1744","1,1639","-0,72%"
"25.07.2018","1,1728","1,1684","1,1739","1,1663","0,36%"
"24.07.2018","1,1686","1,1692","1,1719","1,1654","-0,05%"
"23.07.2018","1,1692","1,1730","1,1752","1,1682","-0,24%"
"20.07.2018","1,1720","1,1644","1,1740","1,1626","0,66%"
"19.07.2018","1,1643","1,1639","1,1680","1,1574","0,03%"
"18.07.2018","1,1639","1,1660","1,1665","1,1601","-0,19%"
"17.07.2018","1,1661","1,1711","1,1746","1,1650","-0,42%"
"16.07.2018","1,1710","1,1676","1,1726","1,1674","0,21%"
"13.07.2018","1,1685","1,1669","1,1688","1,1610","0,11%"
"12.07.2018","1,1672","1,1674","1,1697","1,1648","-0,02%"
"11.07.2018","1,1674","1,1745","1,1760","1,1665","-0,60%"
"10.07.2018","1,1744","1,1751","1,1764","1,1690","-0,06%"
"09.07.2018","1,1751","1,1748","1,1792","1,1731","0,03%"
"06.07.2018","1,1747","1,1690","1,1769","1,1679","0,48%"
"05.07.2018","1,1691","1,1655","1,1722","1,1649","0,30%"
"04.07.2018","1,1656","1,1658","1,1684","1,1629","-0,01%"
"03.07.2018","1,1657","1,1641","1,1675","1,1621","0,14%"
"02.07.2018","1,1641","1,1651","1,1699","1,1590","-0,38%"
"29.06.2018","1,1685","1,1569","1,1692","1,1558","1,00%"
"28.06.2018","1,1569","1,1555","1,1602","1,1527","0,13%"
"27.06.2018","1,1554","1,1647","1,1674","1,1541","-0,80%"
"26.06.2018","1,1647","1,1704","1,1722","1,1635","-0,49%"
"25.06.2018","1,1704","1,1659","1,1715","1,1627","0,40%"
"22.06.2018","1,1657","1,1604","1,1677","1,1600","0,47%"
"21.06.2018","1,1603","1,1572","1,1635","1,1509","0,27%"
"20.06.2018","1,1572","1,1590","1,1602","1,1537","-0,16%"
"19.06.2018","1,1590","1,1624","1,1646","1,1530","-0,28%"
"18.06.2018","1,1623","1,1609","1,1625","1,1563","0,12%"
"15.06.2018","1,1609","1,1568","1,1629","1,1543","0,35%"
"14.06.2018","1,1569","1,1791","1,1853","1,1562","-1,88%"
"13.06.2018","1,1791","1,1745","1,1803","1,1725","0,39%"
"12.06.2018","1,1745","1,1784","1,1811","1,1733","-0,33%"
"11.06.2018","1,1784","1,1766","1,1822","1,1754","0,14%"
"08.06.2018","1,1768","1,1800","1,1812","1,1726","-0,26%"
"07.06.2018","1,1799","1,1774","1,1842","1,1772","0,22%"
"06.06.2018","1,1773","1,1717","1,1797","1,1708","0,47%"
"05.06.2018","1,1718","1,1698","1,1733","1,1652","0,16%"
"04.06.2018","1,1699","1,1656","1,1744","1,1652","0,33%"
"01.06.2018","1,1661","1,1691","1,1718","1,1617","-0,27%"
"31.05.2018","1,1692","1,1665","1,1726","1,1641","0,25%"
"30.05.2018","1,1663","1,1540","1,1678","1,1518","1,07%"
"29.05.2018","1,1540","1,1625","1,1641","1,1508","-0,71%"
"28.05.2018","1,1623","1,1651","1,1729","1,1605","-0,25%"
"25.05.2018","1,1652","1,1720","1,1735","1,1645","-0,58%"
"24.05.2018","1,1720","1,1695","1,1750","1,1688","0,20%"
"23.05.2018","1,1697","1,1778","1,1790","1,1675","-0,70%"
"22.05.2018","1,1779","1,1792","1,1830","1,1754","-0,10%"
"21.05.2018","1,1791","1,1764","1,1797","1,1717","0,11%"
"18.05.2018","1,1778","1,1796","1,1825","1,1749","-0,14%"
"17.05.2018","1,1795","1,1808","1,1839","1,1775","-0,10%"
"16.05.2018","1,1807","1,1837","1,1854","1,1762","-0,26%"
"15.05.2018","1,1838","1,1925","1,1939","1,1817","-0,75%"
"14.05.2018","1,1927","1,1947","1,1998","1,1926","-0,14%"
"11.05.2018","1,1944","1,1917","1,1970","1,1891","0,24%"
"10.05.2018","1,1915","1,1852","1,1948","1,1843","0,55%"
"09.05.2018","1,1850","1,1863","1,1898","1,1822","-0,12%"
"08.05.2018","1,1864","1,1924","1,1941","1,1838","-0,49%"
"07.05.2018","1,1922","1,1953","1,1980","1,1898","-0,32%"
"04.05.2018","1,1960","1,1989","1,1997","1,1911","-0,23%"
"03.05.2018","1,1988","1,1951","1,2009","1,1946","0,31%"
"02.05.2018","1,1951","1,1992","1,2033","1,1938","-0,35%"
"01.05.2018","1,1993","1,2076","1,2086","1,1981","-0,71%"
"30.04.2018","1,2079","1,2125","1,2141","1,2064","-0,42%"
"27.04.2018","1,2130","1,2105","1,2135","1,2055","0,22%"
"26.04.2018","1,2103","1,2161","1,2211","1,2096","-0,48%"
"25.04.2018","1,2161","1,2232","1,2240","1,2160","-0,58%"
"24.04.2018","1,2232","1,2209","1,2247","1,2182","0,19%"
"23.04.2018","1,2209","1,2289","1,2292","1,2198","-0,64%"
"20.04.2018","1,2288","1,2346","1,2354","1,2250","-0,47%"
"19.04.2018","1,2346","1,2373","1,2402","1,2329","-0,22%"
"18.04.2018","1,2373","1,2369","1,2398","1,2343","0,02%"
"17.04.2018","1,2370","1,2378","1,2413","1,2335","-0,08%"
"16.04.2018","1,2380","1,2330","1,2395","1,2325","0,40%"
"13.04.2018","1,2331","1,2327","1,2348","1,2307","0,03%"
"12.04.2018","1,2327","1,2368","1,2382","1,2300","-0,32%"
"11.04.2018","1,2367","1,2357","1,2397","1,2347","0,09%"
"10.04.2018","1,2356","1,2320","1,2379","1,2303","0,28%"
"09.04.2018","1,2321","1,2279","1,2331","1,2261","0,31%"
"06.04.2018","1,2283","1,2240","1,2292","1,2214","0,35%"
"05.04.2018","1,2240","1,2278","1,2292","1,2218","-0,31%"
"04.04.2018","1,2278","1,2269","1,2315","1,2256","0,07%"
"03.04.2018","1,2270","1,2304","1,2336","1,2253","-0,26%"
"02.04.2018","1,2302","1,2323","1,2346","1,2282","-0,17%"
"30.03.2018","1,2323","1,2301","1,2331","1,2293","0,17%"
"29.03.2018","1,2302","1,2308","1,2335","1,2282","-0,05%"
"28.03.2018","1,2308","1,2403","1,2424","1,2300","-0,77%"
"27.03.2018","1,2403","1,2444","1,2478","1,2373","-0,32%"
"26.03.2018","1,2443","1,2348","1,2463","1,2341","0,73%"
"23.03.2018","1,2353","1,2302","1,2375","1,2301","0,41%"
"22.03.2018","1,2302","1,2337","1,2389","1,2285","-0,29%"
"21.03.2018","1,2338","1,2242","1,2351","1,2241","0,78%"
"20.03.2018","1,2242","1,2335","1,2356","1,2239","-0,75%"
"19.03.2018","1,2335","1,2284","1,2361","1,2258","0,37%"
"16.03.2018","1,2289","1,2305","1,2338","1,2261","-0,13%"
"15.03.2018","1,2305","1,2366","1,2385","1,2299","-0,50%"
"14.03.2018","1,2367","1,2390","1,2414","1,2347","-0,19%"
"13.03.2018","1,2390","1,2334","1,2408","1,2314","0,45%"
"12.03.2018","1,2334","1,2311","1,2347","1,2291","0,22%"
"09.03.2018","1,2307","1,2312","1,2336","1,2273","-0,04%"
"08.03.2018","1,2312","1,2411","1,2448","1,2298","-0,81%"
"07.03.2018","1,2413","1,2404","1,2445","1,2385","0,07%"
"06.03.2018","1,2404","1,2336","1,2422","1,2328","0,55%"
"05.03.2018","1,2336","1,2323","1,2366","1,2268","0,15%"
"02.03.2018","1,2317","1,2266","1,2336","1,2250","0,40%"
"01.03.2018","1,2268","1,2193","1,2272","1,2153","0,61%"
"28.02.2018","1,2194","1,2232","1,2243","1,2188","-0,31%"
"27.02.2018","1,2232","1,2317","1,2348","1,2221","-0,70%"
"26.02.2018","1,2318","1,2299","1,2356","1,2278","0,20%"
"23.02.2018","1,2293","1,2329","1,2337","1,2279","-0,31%"
"22.02.2018","1,2331","1,2283","1,2354","1,2260","0,38%"
"21.02.2018","1,2284","1,2338","1,2361","1,2281","-0,44%"
"20.02.2018","1,2338","1,2409","1,2414","1,2320","-0,56%"
"19.02.2018","1,2408","1,2409","1,2435","1,2368","0,02%"
"16.02.2018","1,2406","1,2506","1,2557","1,2394","-0,80%"
"15.02.2018","1,2506","1,2449","1,2511","1,2447","0,45%"
"14.02.2018","1,2450","1,2352","1,2467","1,2276","0,79%"
"13.02.2018","1,2352","1,2293","1,2373","1,2285","0,49%"
"12.02.2018","1,2292","1,2253","1,2298","1,2234","0,47%"
"09.02.2018","1,2235","1,2245","1,2289","1,2206","-0,10%"
"08.02.2018","1,2247","1,2264","1,2297","1,2212","-0,14%"
"07.02.2018","1,2264","1,2378","1,2407","1,2247","-0,91%"
"06.02.2018","1,2377","1,2367","1,2434","1,2314","0,07%"
"05.02.2018","1,2368","1,2455","1,2475","1,2362","-0,75%"
"02.02.2018","1,2462","1,2508","1,2519","1,2409","-0,38%"
"01.02.2018","1,2510","1,2414","1,2524","1,2386","0,72%"
"31.01.2018","1,2421","1,2401","1,2476","1,2386","0,15%"
"30.01.2018","1,2402","1,2383","1,2455","1,2335","0,15%"
"29.01.2018","1,2383","1,2427","1,2436","1,2336","-0,31%"
"26.01.2018","1,2421","1,2395","1,2495","1,2371","0,20%"
"25.01.2018","1,2396","1,2408","1,2537","1,2364","-0,10%"
"24.01.2018","1,2408","1,2299","1,2417","1,2293","0,89%"
"23.01.2018","1,2299","1,2263","1,2308","1,2223","0,30%"
"22.01.2018","1,2262","1,2268","1,2276","1,2214","0,33%"
"19.01.2018","1,2222","1,2236","1,2296","1,2219","-0,14%"
"18.01.2018","1,2239","1,2186","1,2267","1,2165","0,43%"
"17.01.2018","1,2186","1,2260","1,2324","1,2176","-0,61%"
"16.01.2018","1,2261","1,2265","1,2284","1,2194","-0,02%"
"15.01.2018","1,2263","1,2198","1,2298","1,2188","0,62%"
"12.01.2018","1,2187","1,2033","1,2190","1,2031","1,29%"
"11.01.2018","1,2032","1,1946","1,2060","1,1928","0,71%"
"10.01.2018","1,1947","1,1938","1,2019","1,1923","0,08%"
"09.01.2018","1,1937","1,1967","1,1977","1,1916","-0,25%"
"08.01.2018","1,1967","1,2029","1,2054","1,1956","-0,52%"
"05.01.2018","1,2030","1,2068","1,2085","1,2021","-0,31%"
"04.01.2018","1,2068","1,2015","1,2090","1,2004","0,45%"
"03.01.2018","1,2014","1,2058","1,2070","1,2001","-0,37%"
"02.01.2018","1,2059","1,2013","1,2084","1,2003","0,41%"
"01.01.2018","1,2010","1,2003","1,2014","1,1995","0,10%"
"29.12.2017","1,1998","1,1943","1,2030","1,1937","0,46%"
"28.12.2017","1,1943","1,1888","1,1961","1,1888","0,46%"
"27.12.2017","1,1888","1,1859","1,1912","1,1855","0,24%"
"26.12.2017","1,1859","1,1867","1,1879","1,1845","-0,08%"
"25.12.2017","1,1869","1,1850","1,1882","1,1842","0,08%"
"22.12.2017","1,1859","1,1874","1,1878","1,1817","-0,12%"
"21.12.2017","1,1873","1,1871","1,1889","1,1848","0,02%"
"20.12.2017","1,1871","1,1840","1,1903","1,1829","0,26%"
"19.12.2017","1,1840","1,1782","1,1851","1,1777","0,49%"
"18.12.2017","1,1782","1,1753","1,1834","1,1737","0,24%"
"15.12.2017","1,1754","1,1778","1,1814","1,1751","-0,20%"
"14.12.2017","1,1778","1,1826","1,1863","1,1770","-0,41%"
"13.12.2017","1,1826","1,1743","1,1832","1,1729","0,72%"
"12.12.2017","1,1742","1,1770","1,1794","1,1718","-0,22%"
"11.12.2017","1,1768","1,1768","1,1812","1,1761","0,03%"
"08.12.2017","1,1764","1,1772","1,1778","1,1729","-0,08%"
"07.12.2017","1,1773","1,1796","1,1816","1,1772","-0,19%"
"06.12.2017","1,1796","1,1825","1,1849","1,1780","-0,25%"
"05.12.2017","1,1826","1,1866","1,1879","1,1801","-0,34%"
"04.12.2017","1,1866","1,1882","1,1890","1,1830","-0,21%"
"01.12.2017","1,1891","1,1904","1,1942","1,1851","-0,11%"
"30.11.2017","1,1904","1,1847","1,1933","1,1809","0,47%"
"29.11.2017","1,1848","1,1841","1,1883","1,1816","0,06%"
"28.11.2017","1,1841","1,1898","1,1921","1,1827","-0,48%"
"27.11.2017","1,1898","1,1933","1,1962","1,1896","-0,27%"
"24.11.2017","1,1930","1,1850","1,1944","1,1835","0,66%"
"23.11.2017","1,1852","1,1822","1,1856","1,1812","0,25%"
"22.11.2017","1,1822","1,1738","1,1829","1,1733","0,72%"
"21.11.2017","1,1738","1,1732","1,1759","1,1713","0,05%"
"20.11.2017","1,1732","1,1789","1,1808","1,1721","-0,53%"
"17.11.2017","1,1795","1,1771","1,1823","1,1766","0,21%"
"16.11.2017","1,1770","1,1792","1,1802","1,1756","-0,19%"
"15.11.2017","1,1792","1,1797","1,1861","1,1784","-0,05%"
"14.11.2017","1,1798","1,1667","1,1807","1,1660","1,12%"
"13.11.2017","1,1667","1,1666","1,1677","1,1638","0,02%"
"10.11.2017","1,1665","1,1642","1,1680","1,1623","0,20%"
"09.11.2017","1,1642","1,1596","1,1657","1,1586","0,41%"
"08.11.2017","1,1595","1,1587","1,1612","1,1578","0,07%"
"07.11.2017","1,1587","1,1610","1,1618","1,1553","-0,20%"
"06.11.2017","1,1610","1,1609","1,1625","1,1579","0,01%"
"03.11.2017","1,1609","1,1660","1,1692","1,1599","-0,42%"
"02.11.2017","1,1658","1,1619","1,1689","1,1613","0,34%"
"01.11.2017","1,1619","1,1646","1,1659","1,1607","-0,23%"
"31.10.2017","1,1646","1,1651","1,1663","1,1625","-0,04%"
"30.10.2017","1,1651","1,1603","1,1660","1,1594","0,35%"
"27.10.2017","1,1610","1,1650","1,1659","1,1575","-0,34%"
"26.10.2017","1,1650","1,1812","1,1837","1,1639","-1,38%"
"25.10.2017","1,1813","1,1760","1,1819","1,1752","0,44%"
"24.10.2017","1,1761","1,1749","1,1794","1,1743","0,10%"
"23.10.2017","1,1749","1,1773","1,1779","1,1725","-0,31%"
"20.10.2017","1,1785","1,1853","1,1859","1,1763","-0,57%"
"19.10.2017","1,1852","1,1788","1,1860","1,1768","0,55%"
"18.10.2017","1,1787","1,1764","1,1806","1,1730","0,18%"
"17.10.2017","1,1766","1,1797","1,1801","1,1734","-0,26%"
"16.10.2017","1,1797","1,1825","1,1827","1,1780","-0,22%"
"13.10.2017","1,1823","1,1829","1,1875","1,1804","-0,07%"
"12.10.2017","1,1831","1,1862","1,1881","1,1827","-0,24%"
"11.10.2017","1,1859","1,1808","1,1871","1,1795","0,45%"
"10.10.2017","1,1806","1,1738","1,1825","1,1738","0,56%"
"09.10.2017","1,1740","1,1728","1,1757","1,1717","0,05%"
"06.10.2017","1,1734","1,1710","1,1739","1,1668","0,20%"
"05.10.2017","1,1711","1,1758","1,1780","1,1698","-0,41%"
"04.10.2017","1,1759","1,1742","1,1789","1,1734","0,13%"
"03.10.2017","1,1744","1,1733","1,1775","1,1696","0,10%"
"02.10.2017","1,1732","1,1818","1,1818","1,1730","-0,69%"
"29.09.2017","1,1814","1,1787","1,1834","1,1773","0,24%"
"28.09.2017","1,1786","1,1746","1,1805","1,1721","0,36%"
"27.09.2017","1,1744","1,1793","1,1797","1,1717","-0,42%"
"26.09.2017","1,1793","1,1848","1,1863","1,1758","-0,46%"
"25.09.2017","1,1848","1,1953","1,1962","1,1833","-0,89%"
"22.09.2017","1,1954","1,1942","1,2006","1,1937","0,11%"
"21.09.2017","1,1941","1,1894","1,1955","1,1866","0,40%"
"20.09.2017","1,1893","1,1994","1,2033","1,1862","-0,84%"
"19.09.2017","1,1994","1,1955","1,2008","1,1950","0,33%"
"18.09.2017","1,1954","1,1949","1,1971","1,1915","0,09%"
"15.09.2017","1,1943","1,1919","1,1988","1,1901","0,20%"
"14.09.2017","1,1919","1,1884","1,1922","1,1837","0,28%"
"13.09.2017","1,1886","1,1968","1,1996","1,1873","-0,68%"
"12.09.2017","1,1967","1,1953","1,1980","1,1926","0,12%"
"11.09.2017","1,1953","1,2041","1,2041","1,1948","-0,68%"
"08.09.2017","1,2035","1,2024","1,2094","1,2016","0,10%"
"07.09.2017","1,2023","1,1917","1,2061","1,1914","0,89%"
"06.09.2017","1,1917","1,1914","1,1951","1,1903","0,03%"
"05.09.2017","1,1914","1,1896","1,1941","1,1868","0,15%"
"04.09.2017","1,1896","1,1858","1,1923","1,1853","0,31%"
"01.09.2017","1,1859","1,1911","1,1981","1,1850","-0,43%"
"31.08.2017","1,1910","1,1884","1,1914","1,1823","0,23%"
"30.08.2017","1,1883","1,1974","1,1986","1,1881","-0,74%"
"29.08.2017","1,1972","1,1978","1,2069","1,1944","-0,06%"
"28.08.2017","1,1979","1,1926","1,1985","1,1917","0,44%"
"25.08.2017","1,1926","1,1799","1,1942","1,1773","1,08%"
"24.08.2017","1,1799","1,1807","1,1821","1,1784","-0,08%"
"23.08.2017","1,1808","1,1763","1,1825","1,1740","0,39%"
"22.08.2017","1,1762","1,1815","1,1826","1,1745","-0,46%"
"21.08.2017","1,1816","1,1750","1,1830","1,1731","0,46%"
"18.08.2017","1,1762","1,1723","1,1775","1,1707","0,32%"
"17.08.2017","1,1724","1,1767","1,1790","1,1662","-0,39%"
"16.08.2017","1,1770","1,1734","1,1780","1,1682","0,30%"
"15.08.2017","1,1735","1,1780","1,1794","1,1688","-0,38%"
"14.08.2017","1,1780","1,1806","1,1840","1,1770","-0,34%"
"11.08.2017","1,1820","1,1772","1,1846","1,1747","0,41%"
"10.08.2017","1,1772","1,1759","1,1786","1,1704","0,11%"
"09.08.2017","1,1759","1,1752","1,1765","1,1689","0,08%"
"08.08.2017","1,1750","1,1794","1,1825","1,1714","-0,38%"
"07.08.2017","1,1795","1,1768","1,1816","1,1768","0,20%"
"04.08.2017","1,1772","1,1871","1,1893","1,1731","-0,83%"
"03.08.2017","1,1870","1,1856","1,1894","1,1831","0,12%"
"02.08.2017","1,1856","1,1802","1,1911","1,1794","0,47%"
"01.08.2017","1,1801","1,1841","1,1846","1,1784","-0,35%"
"31.07.2017","1,1842","1,1737","1,1847","1,1723","0,77%"
"28.07.2017","1,1752","1,1677","1,1765","1,1671","0,64%"
"27.07.2017","1,1677","1,1734","1,1777","1,1649","-0,49%"
"26.07.2017","1,1734","1,1648","1,1741","1,1613","0,70%"
"25.07.2017","1,1652","1,1639","1,1713","1,1631","0,09%"
"24.07.2017","1,1642","1,1662","1,1688","1,1628","-0,18%"
"21.07.2017","1,1663","1,1634","1,1684","1,1620","0,28%"
"20.07.2017","1,1631","1,1513","1,1657","1,1479","1,01%"
"19.07.2017","1,1515","1,1553","1,1559","1,1509","-0,35%"
"18.07.2017","1,1555","1,1479","1,1585","1,1473","0,66%"
"17.07.2017","1,1479","1,1463","1,1488","1,1433","0,09%"
"14.07.2017","1,1469","1,1400","1,1473","1,1392","0,61%"
"13.07.2017","1,1399","1,1413","1,1459","1,1373","-0,11%"
"12.07.2017","1,1412","1,1467","1,1491","1,1392","-0,48%"
"11.07.2017","1,1467","1,1399","1,1481","1,1383","0,59%"
"10.07.2017","1,1400","1,1391","1,1418","1,1381","-0,01%"
"07.07.2017","1,1401","1,1423","1,1440","1,1379","-0,19%"
"06.07.2017","1,1423","1,1351","1,1425","1,1329","0,62%"
"05.07.2017","1,1353","1,1345","1,1369","1,1312","0,07%"
"04.07.2017","1,1345","1,1366","1,1380","1,1338","-0,17%"
"03.07.2017","1,1364","1,1422","1,1431","1,1357","-0,54%"
"30.06.2017","1,1426","1,1442","1,1448","1,1393","-0,13%"
"29.06.2017","1,1441","1,1376","1,1446","1,1373","0,55%"
"28.06.2017","1,1378","1,1339","1,1392","1,1292","0,34%"
"27.06.2017","1,1339","1,1183","1,1351","1,1178","1,40%"
"26.06.2017","1,1182","1,1202","1,1222","1,1173","-0,11%"
"23.06.2017","1,1194","1,1152","1,1211","1,1145","0,37%"
"22.06.2017","1,1153","1,1168","1,1179","1,1140","-0,13%"
"21.06.2017","1,1168","1,1133","1,1171","1,1128","0,31%"
"20.06.2017","1,1134","1,1147","1,1166","1,1117","-0,13%"
"19.06.2017","1,1149","1,1199","1,1214","1,1141","-0,43%"
"16.06.2017","1,1197","1,1143","1,1202","1,1138","0,47%"
"15.06.2017","1,1145","1,1219","1,1231","1,1132","-0,65%"
"14.06.2017","1,1218","1,1210","1,1296","1,1191","0,02%"
"13.06.2017","1,1216","1,1204","1,1225","1,1185","0,12%"
"12.06.2017","1,1203","1,1196","1,1235","1,1193","0,07%"
"09.06.2017","1,1195","1,1216","1,1240","1,1168","-0,17%"
"08.06.2017","1,1214","1,1257","1,1270","1,1195","-0,38%"
"07.06.2017","1,1257","1,1277","1,1284","1,1205","-0,18%"
"06.06.2017","1,1277","1,1254","1,1286","1,1240","0,20%"
"05.06.2017","1,1254","1,1279","1,1286","1,1235","-0,25%"
"02.06.2017","1,1282","1,1213","1,1287","1,1205","0,62%"
"01.06.2017","1,1213","1,1242","1,1258","1,1203","-0,28%"
"31.05.2017","1,1244","1,1187","1,1254","1,1166","0,53%"
"30.05.2017","1,1185","1,1166","1,1208","1,1111","0,17%"
"29.05.2017","1,1166","1,1178","1,1191","1,1160","-0,15%"
"26.05.2017","1,1183","1,1211","1,1235","1,1159","-0,24%"
"25.05.2017","1,1210","1,1218","1,1252","1,1193","-0,08%"
"24.05.2017","1,1219","1,1184","1,1222","1,1169","0,32%"
"23.05.2017","1,1183","1,1237","1,1269","1,1174","-0,49%"
"22.05.2017","1,1238","1,1202","1,1265","1,1162","0,28%"
"19.05.2017","1,1207","1,1103","1,1214","1,1097","0,94%"
"18.05.2017","1,1103","1,1160","1,1173","1,1075","-0,50%"
"17.05.2017","1,1159","1,1083","1,1163","1,1079","0,69%"
"16.05.2017","1,1082","1,0976","1,1098","1,0972","0,97%"
"15.05.2017","1,0975","1,0926","1,0991","1,0922","0,40%"
"12.05.2017","1,0931","1,0863","1,0937","1,0857","0,64%"
"11.05.2017","1,0861","1,0869","1,0894","1,0838","-0,06%"
"10.05.2017","1,0868","1,0874","1,0900","1,0853","-0,05%"
"09.05.2017","1,0873","1,0924","1,0934","1,0863","-0,47%"
"08.05.2017","1,0924","1,0998","1,1024","1,0917","-0,67%"
"05.05.2017","1,0998","1,0991","1,1003","1,0951","0,12%"
"04.05.2017","1,0985","1,0884","1,0987","1,0873","0,92%"
"03.05.2017","1,0885","1,0930","1,0939","1,0883","-0,41%"
"02.05.2017","1,0930","1,0901","1,0936","1,0889","0,28%"
"01.05.2017","1,0899","1,0906","1,0924","1,0883","0,02%"
"28.04.2017","1,0897","1,0877","1,0949","1,0857","0,22%"
"27.04.2017","1,0873","1,0903","1,0933","1,0851","-0,28%"
"26.04.2017","1,0903","1,0924","1,0951","1,0856","-0,21%"
"25.04.2017","1,0926","1,0868","1,0951","1,0851","0,54%"
"24.04.2017","1,0867","1,0890","1,0936","1,0819","1,30%"
"21.04.2017","1,0728","1,0719","1,0739","1,0682","0,10%"
"20.04.2017","1,0717","1,0711","1,0780","1,0709","0,06%"
"19.04.2017","1,0711","1,0730","1,0738","1,0700","-0,21%"
"18.04.2017","1,0734","1,0644","1,0737","1,0636","0,85%"
"17.04.2017","1,0644","1,0615","1,0673","1,0604","0,30%"
"14.04.2017","1,0612","1,0615","1,0633","1,0606","-0,02%"
"13.04.2017","1,0614","1,0664","1,0679","1,0609","-0,49%"
"12.04.2017","1,0666","1,0606","1,0677","1,0589","0,60%"
"11.04.2017","1,0602","1,0595","1,0631","1,0577","0,06%"
"10.04.2017","1,0596","1,0593","1,0609","1,0571","0,06%"
"07.04.2017","1,0590","1,0644","1,0668","1,0580","-0,51%"
"06.04.2017","1,0644","1,0663","1,0686","1,0629","-0,18%"
"05.04.2017","1,0663","1,0672","1,0690","1,0633","-0,09%"
"04.04.2017","1,0673","1,0669","1,0678","1,0635","0,02%"
"03.04.2017","1,0671","1,0661","1,0684","1,0644","0,18%"
"31.03.2017","1,0652","1,0675","1,0705","1,0652","-0,22%"
"30.03.2017","1,0675","1,0766","1,0772","1,0671","-0,85%"
"29.03.2017","1,0767","1,0811","1,0827","1,0739","-0,43%"
"28.03.2017","1,0813","1,0864","1,0873","1,0797","-0,48%"
"27.03.2017","1,0865","1,0797","1,0905","1,0795","0,61%"
"24.03.2017","1,0799","1,0784","1,0820","1,0761","0,15%"
"23.03.2017","1,0783","1,0797","1,0807","1,0769","-0,13%"
"22.03.2017","1,0797","1,0810","1,0827","1,0776","-0,13%"
"21.03.2017","1,0811","1,0740","1,0822","1,0720","0,67%"
"20.03.2017","1,0739","1,0740","1,0779","1,0725","0,01%"
"17.03.2017","1,0738","1,0765","1,0784","1,0728","-0,26%"
"16.03.2017","1,0766","1,0734","1,0772","1,0706","0,29%"
"15.03.2017","1,0735","1,0605","1,0743","1,0604","1,24%"
"14.03.2017","1,0604","1,0655","1,0664","1,0599","-0,47%"
"13.03.2017","1,0654","1,0671","1,0715","1,0650","-0,17%"
"10.03.2017","1,0672","1,0577","1,0702","1,0572","0,90%"
"09.03.2017","1,0577","1,0541","1,0617","1,0525","0,34%"
"08.03.2017","1,0541","1,0566","1,0576","1,0535","-0,24%"
"07.03.2017","1,0566","1,0583","1,0603","1,0557","-0,14%"
"06.03.2017","1,0581","1,0617","1,0644","1,0575","-0,40%"
"03.03.2017","1,0623","1,0508","1,0626","1,0502","1,10%"
"02.03.2017","1,0507","1,0547","1,0551","1,0492","-0,38%"
"01.03.2017","1,0547","1,0574","1,0589","1,0514","-0,28%"
"28.02.2017","1,0577","1,0587","1,0632","1,0570","-0,09%"
"27.02.2017","1,0587","1,0562","1,0633","1,0551","0,23%"
"24.02.2017","1,0563","1,0583","1,0620","1,0557","-0,17%"
"23.02.2017","1,0581","1,0558","1,0598","1,0539","0,24%"
"22.02.2017","1,0556","1,0534","1,0574","1,0493","0,18%"
"21.02.2017","1,0537","1,0611","1,0618","1,0526","-0,73%"
"20.02.2017","1,0614","1,0618","1,0637","1,0606","0,00%"
"17.02.2017","1,0614","1,0675","1,0679","1,0605","-0,56%"
"16.02.2017","1,0674","1,0600","1,0682","1,0588","0,69%"
"15.02.2017","1,0601","1,0577","1,0611","1,0523","0,23%"
"14.02.2017","1,0577","1,0596","1,0633","1,0560","-0,20%"
"13.02.2017","1,0598","1,0633","1,0659","1,0591","-0,40%"
"10.02.2017","1,0641","1,0658","1,0670","1,0609","-0,14%"
"09.02.2017","1,0656","1,0699","1,0711","1,0650","-0,40%"
"08.02.2017","1,0699","1,0682","1,0715","1,0640","0,17%"
"07.02.2017","1,0681","1,0750","1,0751","1,0654","-0,64%"
"06.02.2017","1,0750","1,0781","1,0801","1,0703","-0,32%"
"03.02.2017","1,0784","1,0759","1,0800","1,0714","0,24%"
"02.02.2017","1,0758","1,0766","1,0829","1,0753","-0,10%"
"01.02.2017","1,0769","1,0798","1,0810","1,0731","-0,27%"
"31.01.2017","1,0798","1,0695","1,0814","1,0684","0,96%"
"30.01.2017","1,0695","1,0692","1,0743","1,0620","-0,04%"
"27.01.2017","1,0699","1,0685","1,0729","1,0661","0,16%"
"26.01.2017","1,0682","1,0746","1,0767","1,0657","-0,61%"
"25.01.2017","1,0748","1,0734","1,0773","1,0713","0,16%"
"24.01.2017","1,0731","1,0763","1,0775","1,0718","-0,32%"
"23.01.2017","1,0765","1,0687","1,0773","1,0686","0,58%"
"20.01.2017","1,0703","1,0667","1,0713","1,0627","0,37%"
"19.01.2017","1,0664","1,0629","1,0677","1,0588","0,31%"
"18.01.2017","1,0631","1,0713","1,0715","1,0625","-0,77%"
"17.01.2017","1,0713","1,0600","1,0720","1,0595","1,04%"
"16.01.2017","1,0603","1,0618","1,0638","1,0580","-0,39%"
"13.01.2017","1,0644","1,0612","1,0674","1,0598","0,29%"
"12.01.2017","1,0613","1,0583","1,0687","1,0573","0,29%"
"11.01.2017","1,0582","1,0556","1,0624","1,0454","0,27%"
"10.01.2017","1,0554","1,0573","1,0628","1,0551","-0,19%"
"09.01.2017","1,0574","1,0539","1,0584","1,0510","0,39%"
"06.01.2017","1,0533","1,0606","1,0624","1,0523","-0,70%"
"05.01.2017","1,0607","1,0493","1,0619","1,0482","1,13%"
"04.01.2017","1,0488","1,0405","1,0501","1,0389","0,79%"
"03.01.2017","1,0406","1,0455","1,0492","1,0341","-0,51%"
"02.01.2017","1,0459","1,0532","1,0534","1,0448","-0,54%"
"30.12.2016","1,0516","1,0492","1,0654","1,0482","0,23%"
"29.12.2016","1,0492","1,0417","1,0494","1,0406","0,77%"
"28.12.2016","1,0412","1,0459","1,0484","1,0373","-0,43%"
"27.12.2016","1,0457","1,0453","1,0465","1,0431","0,01%"
"26.12.2016","1,0456","1,0454","1,0473","1,0439","-0,01%"
"23.12.2016","1,0457","1,0438","1,0469","1,0427","0,19%"
"22.12.2016","1,0437","1,0423","1,0501","1,0421","0,12%"
"21.12.2016","1,0425","1,0389","1,0452","1,0381","0,37%"
"20.12.2016","1,0387","1,0405","1,0419","1,0352","-0,14%"
"19.12.2016","1,0402","1,0442","1,0480","1,0391","-0,47%"
"16.12.2016","1,0451","1,0419","1,0477","1,0402","0,36%"
"15.12.2016","1,0414","1,0536","1,0544","1,0366","-1,17%"
"14.12.2016","1,0537","1,0627","1,0671","1,0495","-0,85%"
"13.12.2016","1,0627","1,0635","1,0668","1,0603","-0,08%"
"12.12.2016","1,0635","1,0551","1,0652","1,0524","0,69%"
"09.12.2016","1,0562","1,0618","1,0632","1,0531","-0,50%"
"08.12.2016","1,0615","1,0753","1,0873","1,0596","-1,28%"
"07.12.2016","1,0753","1,0721","1,0770","1,0709","0,32%"
"06.12.2016","1,0719","1,0764","1,0787","1,0698","-0,42%"
"05.12.2016","1,0764","1,0674","1,0798","1,0505","0,85%"
"02.12.2016","1,0673","1,0663","1,0692","1,0625","0,10%"
"01.12.2016","1,0662","1,0590","1,0670","1,0584","0,70%"
"30.11.2016","1,0588","1,0649","1,0669","1,0554","-0,58%"
"29.11.2016","1,0650","1,0615","1,0657","1,0565","0,33%"
"28.11.2016","1,0615","1,0595","1,0686","1,0563","0,26%"
"25.11.2016","1,0587","1,0551","1,0631","1,0538","0,31%"
"24.11.2016","1,0554","1,0554","1,0587","1,0517","-0,06%"
"23.11.2016","1,0560","1,0629","1,0646","1,0526","-0,62%"
"22.11.2016","1,0626","1,0627","1,0660","1,0583","-0,03%"
"21.11.2016","1,0629","1,0583","1,0652","1,0579","0,39%"
"18.11.2016","1,0588","1,0625","1,0645","1,0570","-0,36%"
"17.11.2016","1,0626","1,0690","1,0746","1,0617","-0,60%"
"16.11.2016","1,0690","1,0724","1,0764","1,0667","-0,30%"
"15.11.2016","1,0722","1,0736","1,0817","1,0711","-0,14%"
"14.11.2016","1,0737","1,0850","1,0852","1,0709","-1,10%"
"11.11.2016","1,0856","1,0897","1,0929","1,0833","-0,34%"
"10.11.2016","1,0893","1,0911","1,0958","1,0866","-0,15%"
"09.11.2016","1,0909","1,1023","1,1300","1,0903","-1,06%"
"08.11.2016","1,1026","1,1042","1,1070","1,1008","-0,13%"
"07.11.2016","1,1040","1,1137","1,1139","1,1029","-0,88%"
"04.11.2016","1,1138","1,1105","1,1146","1,1080","0,30%"
"03.11.2016","1,1105","1,1098","1,1128","1,1059","0,07%"
"02.11.2016","1,1097","1,1056","1,1126","1,1051","0,37%"
"01.11.2016","1,1056","1,0981","1,1071","1,0958","0,68%"
"31.10.2016","1,0981","1,0986","1,0994","1,0936","-0,05%"
"28.10.2016","1,0987","1,0899","1,0995","1,0893","0,83%"
"27.10.2016","1,0897","1,0909","1,0945","1,0884","-0,11%"
"26.10.2016","1,0909","1,0889","1,0947","1,0872","0,19%"
"25.10.2016","1,0888","1,0882","1,0906","1,0850","0,05%"
"24.10.2016","1,0883","1,0879","1,0903","1,0861","-0,01%"
"21.10.2016","1,0884","1,0929","1,0933","1,0859","-0,42%"
"20.10.2016","1,0930","1,0974","1,1041","1,0916","-0,40%"
"19.10.2016","1,0974","1,0981","1,1006","1,0955","-0,06%"
"18.10.2016","1,0981","1,1000","1,1029","1,0970","-0,16%"
"17.10.2016","1,0999","1,0975","1,1011","1,0965","0,26%"
"14.10.2016","1,0971","1,1056","1,1062","1,0968","-0,77%"
"13.10.2016","1,1056","1,1004","1,1058","1,0983","0,44%"
"12.10.2016","1,1008","1,1053","1,1072","1,1003","-0,42%"
"11.10.2016","1,1054","1,1136","1,1144","1,1047","-0,75%"
"10.10.2016","1,1138","1,1196","1,1202","1,1128","-0,56%"
"07.10.2016","1,1201","1,1151","1,1207","1,1103","0,45%"
"06.10.2016","1,1151","1,1205","1,1214","1,1139","-0,49%"
"05.10.2016","1,1206","1,1206","1,1237","1,1191","0,02%"
"04.10.2016","1,1204","1,1210","1,1240","1,1138","-0,06%"
"03.10.2016","1,1211","1,1235","1,1245","1,1205","-0,27%"
"30.09.2016","1,1241","1,1225","1,1253","1,1153","0,16%"
"29.09.2016","1,1223","1,1217","1,1251","1,1197","0,06%"
"28.09.2016","1,1216","1,1214","1,1238","1,1181","0,01%"
"27.09.2016","1,1215","1,1253","1,1262","1,1190","-0,35%"
"26.09.2016","1,1254","1,1221","1,1279","1,1220","0,25%"
"23.09.2016","1,1226","1,1209","1,1244","1,1195","0,16%"
"22.09.2016","1,1208","1,1193","1,1258","1,1181","0,17%"
"21.09.2016","1,1189","1,1152","1,1200","1,1123","0,30%"
"20.09.2016","1,1155","1,1178","1,1216","1,1147","-0,17%"
"19.09.2016","1,1174","1,1161","1,1198","1,1147","0,17%"
"16.09.2016","1,1155","1,1244","1,1256","1,1147","-0,79%"
"15.09.2016","1,1244","1,1249","1,1286","1,1220","-0,05%"
"14.09.2016","1,1250","1,1216","1,1274","1,1208","0,27%"
"13.09.2016","1,1220","1,1236","1,1262","1,1203","-0,12%"
"12.09.2016","1,1234","1,1232","1,1269","1,1211","0,01%"
"09.09.2016","1,1233","1,1262","1,1288","1,1200","-0,25%"
"08.09.2016","1,1261","1,1240","1,1329","1,1234","0,20%"
"07.09.2016","1,1239","1,1255","1,1271","1,1228","-0,15%"
"06.09.2016","1,1256","1,1147","1,1267","1,1140","0,98%"
"05.09.2016","1,1147","1,1153","1,1185","1,1140","-0,08%"
"02.09.2016","1,1156","1,1197","1,1254","1,1151","-0,38%"
"01.09.2016","1,1198","1,1157","1,1207","1,1128","0,36%"
"31.08.2016","1,1158","1,1143","1,1167","1,1123","0,13%"
"30.08.2016","1,1143","1,1189","1,1198","1,1130","-0,41%"
"29.08.2016","1,1189","1,1192","1,1208","1,1157","-0,08%"
"26.08.2016","1,1198","1,1284","1,1343","1,1180","-0,75%"
"25.08.2016","1,1283","1,1266","1,1301","1,1258","0,18%"
"24.08.2016","1,1263","1,1305","1,1315","1,1244","-0,38%"
"23.08.2016","1,1306","1,1321","1,1357","1,1302","-0,11%"
"22.08.2016","1,1319","1,1306","1,1334","1,1273","-0,06%"
"19.08.2016","1,1326","1,1351","1,1363","1,1303","-0,25%"
"18.08.2016","1,1354","1,1293","1,1367","1,1283","0,58%"
"17.08.2016","1,1288","1,1279","1,1317","1,1241","0,09%"
"16.08.2016","1,1278","1,1182","1,1324","1,1175","0,84%"
"15.08.2016","1,1184","1,1162","1,1203","1,1153","0,21%"
"12.08.2016","1,1161","1,1139","1,1224","1,1130","0,22%"
"11.08.2016","1,1137","1,1175","1,1194","1,1133","-0,35%"
"10.08.2016","1,1176","1,1117","1,1193","1,1103","0,51%"
"09.08.2016","1,1119","1,1090","1,1125","1,1070","0,24%"
"08.08.2016","1,1092","1,1088","1,1107","1,1073","0,05%"
"05.08.2016","1,1086","1,1128","1,1162","1,1044","-0,40%"
"04.08.2016","1,1130","1,1149","1,1158","1,1114","-0,17%"
"03.08.2016","1,1149","1,1224","1,1233","1,1139","-0,69%"
"02.08.2016","1,1227","1,1162","1,1235","1,1155","0,58%"
"01.08.2016","1,1162","1,1177","1,1187","1,1157","-0,11%"
"29.07.2016","1,1174","1,1079","1,1200","1,1071","0,89%"
"28.07.2016","1,1075","1,1058","1,1119","1,1048","0,15%"
"27.07.2016","1,1058","1,0986","1,1068","1,0963","0,65%"
"26.07.2016","1,0987","1,0997","1,1031","1,0978","-0,06%"
"25.07.2016","1,0994","1,0972","1,1002","1,0954","0,16%"
"22.07.2016","1,0976","1,1030","1,1043","1,0954","-0,44%"
"21.07.2016","1,1025","1,1013","1,1060","1,0981","0,09%"
"20.07.2016","1,1015","1,1020","1,1032","1,0981","-0,06%"
"19.07.2016","1,1022","1,1073","1,1086","1,0999","-0,47%"
"18.07.2016","1,1074","1,1043","1,1086","1,1038","0,34%"
"15.07.2016","1,1036","1,1118","1,1150","1,1023","-0,76%"
"14.07.2016","1,1120","1,1089","1,1166","1,1085","0,27%"
"13.07.2016","1,1090","1,1061","1,1121","1,1043","0,28%"
"12.07.2016","1,1059","1,1058","1,1128","1,1051","0,01%"
"11.07.2016","1,1058","1,1052","1,1076","1,1016","0,04%"
"08.07.2016","1,1054","1,1063","1,1115","1,1002","-0,08%"
"07.07.2016","1,1063","1,1101","1,1113","1,1053","-0,32%"
"06.07.2016","1,1099","1,1075","1,1111","1,1029","0,21%"
"05.07.2016","1,1076","1,1154","1,1184","1,1059","-0,72%"
"04.07.2016","1,1156","1,1142","1,1166","1,1097","0,18%"
"01.07.2016","1,1136","1,1104","1,1169","1,1070","0,28%"
"30.06.2016","1,1105","1,1124","1,1157","1,1023","-0,18%"
"29.06.2016","1,1125","1,1065","1,1131","1,1048","0,52%"
"28.06.2016","1,1067","1,1025","1,1111","1,1008","0,37%"
"27.06.2016","1,1026","1,1072","1,1087","1,0972","-0,82%"
"24.06.2016","1,1117","1,1392","1,1434","1,0911","-2,39%"
"23.06.2016","1,1389","1,1298","1,1424","1,1296","0,81%"
"22.06.2016","1,1297","1,1242","1,1339","1,1236","0,49%"
"21.06.2016","1,1242","1,1312","1,1351","1,1241","-0,64%"
"20.06.2016","1,1314","1,1285","1,1386","1,1284","0,33%"
"17.06.2016","1,1277","1,1226","1,1299","1,1221","0,45%"
"16.06.2016","1,1226","1,1260","1,1298","1,1132","-0,29%"
"15.06.2016","1,1259","1,1205","1,1299","1,1190","0,46%"
"14.06.2016","1,1208","1,1293","1,1304","1,1188","-0,74%"
"13.06.2016","1,1292","1,1253","1,1304","1,1233","0,36%"
"10.06.2016","1,1251","1,1317","1,1329","1,1245","-0,57%"
"09.06.2016","1,1316","1,1399","1,1417","1,1305","-0,68%"
"08.06.2016","1,1394","1,1358","1,1412","1,1349","0,32%"
"07.06.2016","1,1358","1,1355","1,1382","1,1338","0,03%"
"06.06.2016","1,1355","1,1353","1,1395","1,1328","-0,11%"
"03.06.2016","1,1367","1,1152","1,1377","1,1136","1,94%"
"02.06.2016","1,1151","1,1189","1,1221","1,1142","-0,33%"
"01.06.2016","1,1188","1,1133","1,1198","1,1114","0,50%"
"31.05.2016","1,1132","1,1138","1,1176","1,1123","-0,13%"
"30.05.2016","1,1147","1,1117","1,1149","1,1098","0,29%"
"27.05.2016","1,1115","1,1193","1,1201","1,1107","-0,71%"
"26.05.2016","1,1194","1,1154","1,1218","1,1144","0,35%"
"25.05.2016","1,1155","1,1141","1,1169","1,1128","0,13%"
"24.05.2016","1,1141","1,1219","1,1228","1,1130","-0,70%"
"23.05.2016","1,1219","1,1218","1,1246","1,1187","-0,04%"
"20.05.2016","1,1224","1,1204","1,1239","1,1194","0,19%"
"19.05.2016","1,1203","1,1216","1,1230","1,1179","-0,12%"
"18.05.2016","1,1217","1,1313","1,1327","1,1212","-0,86%"
"17.05.2016","1,1314","1,1321","1,1350","1,1303","-0,05%"
"16.05.2016","1,1320","1,1311","1,1346","1,1302","0,11%"
"13.05.2016","1,1308","1,1378","1,1383","1,1284","-0,61%"
"12.05.2016","1,1377","1,1426","1,1434","1,1368","-0,44%"
"11.05.2016","1,1427","1,1373","1,1448","1,1368","0,48%"
"10.05.2016","1,1372","1,1385","1,1413","1,1361","-0,10%"
"09.05.2016","1,1383","1,1401","1,1422","1,1375","-0,19%"
"06.05.2016","1,1405","1,1408","1,1479","1,1387","0,00%"
"05.05.2016","1,1405","1,1486","1,1496","1,1385","-0,71%"
"04.05.2016","1,1487","1,1496","1,1530","1,1467","-0,09%"
"03.05.2016","1,1497","1,1533","1,1616","1,1495","-0,30%"
"02.05.2016","1,1532","1,1447","1,1539","1,1446","0,66%"
"29.04.2016","1,1456","1,1354","1,1461","1,1335","0,91%"
"28.04.2016","1,1353","1,1320","1,1370","1,1296","0,28%"
"27.04.2016","1,1321","1,1298","1,1364","1,1274","0,20%"
"26.04.2016","1,1298","1,1265","1,1338","1,1254","0,28%"
"25.04.2016","1,1266","1,1231","1,1280","1,1216","0,29%"
"22.04.2016","1,1233","1,1290","1,1311","1,1220","-0,49%"
"21.04.2016","1,1288","1,1297","1,1396","1,1272","-0,08%"
"20.04.2016","1,1297","1,1356","1,1388","1,1288","-0,54%"
"19.04.2016","1,1358","1,1314","1,1387","1,1302","0,39%"
"18.04.2016","1,1314","1,1297","1,1334","1,1274","0,27%"
"15.04.2016","1,1283","1,1271","1,1320","1,1246","0,13%"
"14.04.2016","1,1268","1,1274","1,1296","1,1234","-0,05%"
"13.04.2016","1,1274","1,1385","1,1393","1,1266","-0,98%"
"12.04.2016","1,1386","1,1408","1,1466","1,1347","-0,19%"
"11.04.2016","1,1408","1,1407","1,1448","1,1373","0,06%"
"08.04.2016","1,1401","1,1379","1,1421","1,1350","0,21%"
"07.04.2016","1,1377","1,1398","1,1455","1,1337","-0,19%"
"06.04.2016","1,1399","1,1384","1,1434","1,1327","0,13%"
"05.04.2016","1,1384","1,1389","1,1406","1,1336","-0,07%"
"04.04.2016","1,1392","1,1393","1,1414","1,1357","0,04%"
"01.04.2016","1,1387","1,1380","1,1439","1,1334","0,06%"
"31.03.2016","1,1380","1,1338","1,1413","1,1309","0,37%"
"30.03.2016","1,1338","1,1290","1,1366","1,1281","0,42%"
"29.03.2016","1,1291","1,1198","1,1305","1,1168","0,85%"
"28.03.2016","1,1196","1,1164","1,1221","1,1154","0,27%"
"25.03.2016","1,1166","1,1176","1,1189","1,1153","-0,07%"
"24.03.2016","1,1174","1,1179","1,1188","1,1143","-0,09%"
"23.03.2016","1,1184","1,1218","1,1224","1,1158","-0,29%"
"22.03.2016","1,1217","1,1245","1,1263","1,1190","-0,21%"
"21.03.2016","1,1241","1,1270","1,1286","1,1235","-0,26%"
"18.03.2016","1,1270","1,1319","1,1339","1,1257","-0,43%"
"17.03.2016","1,1319","1,1224","1,1344","1,1205","0,84%"
"16.03.2016","1,1225","1,1110","1,1245","1,1058","1,04%"
"15.03.2016","1,1109","1,1100","1,1125","1,1071","0,03%"
"14.03.2016","1,1106","1,1151","1,1177","1,1076","-0,42%"
"11.03.2016","1,1153","1,1177","1,1212","1,1081","-0,21%"
"10.03.2016","1,1177","1,0998","1,1218","1,0821","1,62%"
"09.03.2016","1,0999","1,1012","1,1037","1,0946","-0,11%"
"08.03.2016","1,1011","1,1014","1,1059","1,0992","-0,03%"
"07.03.2016","1,1014","1,1008","1,1027","1,0940","0,09%"
"04.03.2016","1,1004","1,0958","1,1045","1,0903","0,43%"
"03.03.2016","1,0957","1,0867","1,0974","1,0853","0,82%"
"02.03.2016","1,0868","1,0868","1,0881","1,0825","0,01%"
"01.03.2016","1,0867","1,0873","1,0896","1,0835","-0,06%"
"29.02.2016","1,0873","1,0932","1,0964","1,0858","-0,56%"
"26.02.2016","1,0934","1,1020","1,1071","1,0913","-0,81%"
"25.02.2016","1,1023","1,1014","1,1052","1,0987","0,09%"
"24.02.2016","1,1013","1,1019","1,1047","1,0957","-0,06%"
"23.02.2016","1,1020","1,1031","1,1055","1,0991","-0,08%"
"22.02.2016","1,1029","1,1128","1,1137","1,1003","-0,94%"
"19.02.2016","1,1134","1,1107","1,1140","1,1067","0,24%"
"18.02.2016","1,1107","1,1130","1,1153","1,1072","-0,19%"
"17.02.2016","1,1128","1,1143","1,1180","1,1104","-0,14%"
"16.02.2016","1,1144","1,1155","1,1196","1,1123","-0,10%"
"15.02.2016","1,1155","1,1251","1,1253","1,1127","-0,93%"
"12.02.2016","1,1260","1,1328","1,1335","1,1215","-0,57%"
"11.02.2016","1,1324","1,1292","1,1378","1,1274","0,30%"
"10.02.2016","1,1290","1,1292","1,1311","1,1159","-0,03%"
"09.02.2016","1,1293","1,1197","1,1339","1,1163","0,85%"
"08.02.2016","1,1198","1,1159","1,1218","1,1087","0,35%"
"05.02.2016","1,1159","1,1209","1,1246","1,1110","-0,44%"
"04.02.2016","1,1208","1,1104","1,1240","1,1070","0,94%"
"03.02.2016","1,1104","1,0917","1,1146","1,0903","1,69%"
"02.02.2016","1,0919","1,0892","1,0944","1,0886","0,28%"
"01.02.2016","1,0888","1,0833","1,0915","1,0814","0,47%"
"29.01.2016","1,0837","1,0938","1,0951","1,0812","-0,93%"
"28.01.2016","1,0939","1,0891","1,0969","1,0869","0,42%"
"27.01.2016","1,0893","1,0871","1,0917","1,0851","0,20%"
"26.01.2016","1,0871","1,0850","1,0875","1,0819","0,20%"
"25.01.2016","1,0849","1,0799","1,0858","1,0788","0,48%"
"22.01.2016","1,0797","1,0874","1,0879","1,0790","-0,71%"
"21.01.2016","1,0874","1,0893","1,0922","1,0779","-0,16%"
"20.01.2016","1,0891","1,0910","1,0977","1,0877","-0,16%"
"19.01.2016","1,0909","1,0892","1,0941","1,0861","0,16%"
"18.01.2016","1,0892","1,0918","1,0941","1,0869","-0,23%"
"15.01.2016","1,0917","1,0866","1,0987","1,0855","0,48%"
"14.01.2016","1,0865","1,0880","1,0945","1,0835","-0,11%"
"13.01.2016","1,0877","1,0858","1,0891","1,0807","0,18%"
"12.01.2016","1,0857","1,0859","1,0904","1,0822","-0,03%"
"11.01.2016","1,0860","1,0923","1,0969","1,0847","-0,66%"
"08.01.2016","1,0932","1,0934","1,0936","1,0804","-0,04%"
"07.01.2016","1,0936","1,0779","1,0941","1,0770","1,44%"
"06.01.2016","1,0781","1,0749","1,0802","1,0721","0,31%"
"05.01.2016","1,0748","1,0831","1,0840","1,0711","-0,77%"
"04.01.2016","1,0831","1,0858","1,0949","1,0783","-0,27%"
"01.01.2016","1,0860","1,0862","1,0869","1,0845","-0,01%"
"31.12.2015","1,0861","1,0932","1,0938","1,0850","-0,65%"
"30.12.2015","1,0932","1,0920","1,0947","1,0903","0,14%"
"29.12.2015","1,0917","1,0968","1,0992","1,0899","-0,46%"
"28.12.2015","1,0968","1,0965","1,0995","1,0951","-0,08%"
"25.12.2015","1,0977","1,0973","1,0979","1,0945","0,05%"
"24.12.2015","1,0972","1,0913","1,0976","1,0903","0,58%"
"23.12.2015","1,0909","1,0955","1,0957","1,0869","-0,42%"
"22.12.2015","1,0955","1,0913","1,0985","1,0901","0,37%"
"21.12.2015","1,0915","1,0863","1,0941","1,0848","0,43%"
"18.12.2015","1,0868","1,0828","1,0877","1,0806","0,40%"
"17.12.2015","1,0825","1,0915","1,0915","1,0800","-0,81%"
"16.12.2015","1,0913","1,0932","1,1008","1,0888","-0,14%"
"15.12.2015","1,0928","1,0991","1,1059","1,0903","-0,58%"
"14.12.2015","1,0992","1,0985","1,1050","1,0946","0,03%"
"11.12.2015","1,0989","1,0943","1,1033","1,0926","0,44%"
"10.12.2015","1,0941","1,1027","1,1029","1,0924","-0,76%"
"09.12.2015","1,1025","1,0888","1,1042","1,0877","1,20%"
"08.12.2015","1,0894","1,0835","1,0901","1,0827","0,54%"
"07.12.2015","1,0835","1,0859","1,0888","1,0795","-0,47%"
"04.12.2015","1,0886","1,0939","1,0957","1,0837","-0,50%"
"03.12.2015","1,0941","1,0616","1,0983","1,0541","3,07%"
"02.12.2015","1,0615","1,0633","1,0644","1,0553","-0,15%"
"01.12.2015","1,0631","1,0566","1,0638","1,0562","0,63%"
"30.11.2015","1,0564","1,0591","1,0596","1,0558","-0,27%"
"27.11.2015","1,0593","1,0610","1,0640","1,0570","-0,16%"
"26.11.2015","1,0610","1,0627","1,0633","1,0600","-0,16%"
"25.11.2015","1,0627","1,0642","1,0690","1,0566","-0,13%"
"24.11.2015","1,0641","1,0634","1,0674","1,0620","0,05%"
"23.11.2015","1,0636","1,0647","1,0658","1,0593","-0,09%"
"20.11.2015","1,0646","1,0736","1,0745","1,0641","-0,82%"
"19.11.2015","1,0734","1,0657","1,0764","1,0654","0,70%"
"18.11.2015","1,0659","1,0640","1,0694","1,0617","0,14%"
"17.11.2015","1,0644","1,0690","1,0696","1,0633","-0,39%"
"16.11.2015","1,0686","1,0751","1,0781","1,0675","-0,86%"
"13.11.2015","1,0779","1,0816","1,0818","1,0715","-0,35%"
"12.11.2015","1,0817","1,0743","1,0829","1,0690","0,68%"
"11.11.2015","1,0744","1,0724","1,0774","1,0705","0,19%"
"10.11.2015","1,0724","1,0751","1,0764","1,0673","-0,26%"
"09.11.2015","1,0752","1,0738","1,0793","1,0719","0,10%"
"06.11.2015","1,0741","1,0886","1,0896","1,0709","-1,31%"
"05.11.2015","1,0884","1,0865","1,0898","1,0835","0,19%"
"04.11.2015","1,0863","1,0962","1,0968","1,0842","-0,96%"
"03.11.2015","1,0968","1,1014","1,1031","1,0936","-0,43%"
"02.11.2015","1,1015","1,1015","1,1053","1,1001","0,08%"
"30.10.2015","1,1006","1,0976","1,1073","1,0964","0,27%"
"29.10.2015","1,0976","1,0924","1,0985","1,0903","0,51%"
"28.10.2015","1,0920","1,1050","1,1096","1,0894","-1,16%"
"27.10.2015","1,1048","1,1056","1,1079","1,1029","-0,07%"
"26.10.2015","1,1056","1,1008","1,1069","1,0987","0,34%"
"23.10.2015","1,1018","1,1111","1,1142","1,0997","-0,80%"
"22.10.2015","1,1107","1,1338","1,1351","1,1098","-2,05%"
"21.10.2015","1,1339","1,1347","1,1380","1,1335","-0,05%"
"20.10.2015","1,1345","1,1326","1,1387","1,1324","0,16%"
"19.10.2015","1,1327","1,1352","1,1382","1,1307","-0,18%"
"16.10.2015","1,1347","1,1383","1,1397","1,1334","-0,32%"
"15.10.2015","1,1383","1,1474","1,1496","1,1363","-0,78%"
"14.10.2015","1,1473","1,1378","1,1490","1,1374","0,83%"
"13.10.2015","1,1379","1,1358","1,1413","1,1346","0,21%"
"12.10.2015","1,1355","1,1355","1,1397","1,1351","-0,03%"
"09.10.2015","1,1358","1,1282","1,1391","1,1269","0,70%"
"08.10.2015","1,1279","1,1235","1,1325","1,1232","0,39%"
"07.10.2015","1,1235","1,1269","1,1284","1,1210","-0,32%"
"06.10.2015","1,1271","1,1193","1,1282","1,1174","0,77%"
"05.10.2015","1,1185","1,1220","1,1290","1,1170","-0,23%"
"02.10.2015","1,1211","1,1196","1,1319","1,1151","0,14%"
"01.10.2015","1,1195","1,1176","1,1210","1,1134","0,16%"
"30.09.2015","1,1177","1,1246","1,1262","1,1157","-0,64%"
"29.09.2015","1,1249","1,1247","1,1285","1,1196","0,03%"
"28.09.2015","1,1246","1,1195","1,1250","1,1149","0,46%"
"25.09.2015","1,1195","1,1227","1,1231","1,1115","-0,31%"
"24.09.2015","1,1230","1,1185","1,1296","1,1164","0,38%"
"23.09.2015","1,1187","1,1120","1,1214","1,1105","0,60%"
"22.09.2015","1,1120","1,1188","1,1209","1,1114","-0,62%"
"21.09.2015","1,1189","1,1284","1,1332","1,1183","-1,03%"
"18.09.2015","1,1305","1,1435","1,1460","1,1267","-1,15%"
"17.09.2015","1,1437","1,1290","1,1442","1,1284","1,30%"
"16.09.2015","1,1290","1,1267","1,1321","1,1212","0,20%"
"15.09.2015","1,1267","1,1313","1,1328","1,1258","-0,48%"
"14.09.2015","1,1321","1,1338","1,1375","1,1285","-0,17%"
"11.09.2015","1,1340","1,1279","1,1349","1,1254","0,53%"
"10.09.2015","1,1280","1,1209","1,1299","1,1174","0,65%"
"09.09.2015","1,1207","1,1202","1,1219","1,1133","0,06%"
"08.09.2015","1,1200","1,1170","1,1229","1,1152","0,29%"
"07.09.2015","1,1168","1,1157","1,1178","1,1120","0,19%"
"04.09.2015","1,1147","1,1124","1,1181","1,1089","0,21%"
"03.09.2015","1,1124","1,1227","1,1246","1,1088","-0,92%"
"02.09.2015","1,1227","1,1311","1,1319","1,1214","-0,81%"
"01.09.2015","1,1319","1,1211","1,1333","1,1206","0,94%"
"31.08.2015","1,1214","1,1176","1,1265","1,1162","0,31%"
"28.08.2015","1,1179","1,1247","1,1310","1,1156","-0,59%"
"27.08.2015","1,1245","1,1314","1,1366","1,1204","-0,62%"
"26.08.2015","1,1315","1,1515","1,1561","1,1290","-1,75%"
"25.08.2015","1,1517","1,1619","1,1625","1,1399","-0,89%"
"24.08.2015","1,1620","1,1363","1,1713","1,1363","2,03%"
"21.08.2015","1,1389","1,1244","1,1393","1,1229","1,31%"
"20.08.2015","1,1242","1,1117","1,1246","1,1105","1,11%"
"19.08.2015","1,1119","1,1023","1,1137","1,1019","0,89%"
"18.08.2015","1,1021","1,1083","1,1096","1,1018","-0,54%"
"17.08.2015","1,1081","1,1106","1,1125","1,1058","-0,23%"
"14.08.2015","1,1107","1,1149","1,1189","1,1096","-0,38%"
"13.08.2015","1,1149","1,1157","1,1189","1,1080","-0,07%"
"12.08.2015","1,1157","1,1040","1,1212","1,1023","1,06%"
"11.08.2015","1,1040","1,1019","1,1088","1,0960","0,19%"
"10.08.2015","1,1019","1,0969","1,1044","1,0927","0,46%"
"07.08.2015","1,0968","1,0930","1,0981","1,0857","0,39%"
"06.08.2015","1,0925","1,0909","1,0944","1,0876","0,17%"
"05.08.2015","1,0906","1,0883","1,0938","1,0849","0,22%"
"04.08.2015","1,0882","1,0951","1,0989","1,0877","-0,63%"
"03.08.2015","1,0951","1,0970","1,0997","1,0941","-0,34%"
"31.07.2015","1,0988","1,0934","1,1114","1,0921","0,50%"
"30.07.2015","1,0933","1,0987","1,0992","1,0894","-0,48%"
"29.07.2015","1,0986","1,1061","1,1086","1,0967","-0,66%"
"28.07.2015","1,1059","1,1089","1,1101","1,1022","-0,32%"
"27.07.2015","1,1094","1,0974","1,1130","1,0970","1,00%"
"24.07.2015","1,0984","1,0983","1,0997","1,0926","0,01%"
"23.07.2015","1,0983","1,0928","1,1019","1,0922","0,45%"
"22.07.2015","1,0934","1,0936","1,0966","1,0869","-0,03%"
"21.07.2015","1,0937","1,0825","1,0970","1,0811","1,02%"
"20.07.2015","1,0827","1,0833","1,0872","1,0810","-0,02%"
"17.07.2015","1,0829","1,0875","1,0907","1,0827","-0,42%"
"16.07.2015","1,0875","1,0947","1,0964","1,0856","-0,68%"
"15.07.2015","1,0949","1,1010","1,1035","1,0930","-0,57%"
"14.07.2015","1,1012","1,1004","1,1084","1,0966","0,07%"
"13.07.2015","1,1004","1,1107","1,1197","1,0995","-1,43%"
"10.07.2015","1,1164","1,1037","1,1218","1,1031","1,14%"
"09.07.2015","1,1038","1,1078","1,1126","1,0992","-0,35%"
"08.07.2015","1,1077","1,1012","1,1094","1,0974","0,59%"
"07.07.2015","1,1012","1,1056","1,1061","1,0917","-0,41%"
"06.07.2015","1,1057","1,0993","1,1097","1,0969","-0,51%"
"03.07.2015","1,1114","1,1086","1,1119","1,1066","0,27%"
"02.07.2015","1,1084","1,1054","1,1124","1,1031","0,27%"
"01.07.2015","1,1054","1,1139","1,1172","1,1042","-0,75%"
"30.06.2015","1,1138","1,1237","1,1246","1,1114","-0,87%"
"29.06.2015","1,1236","1,1031","1,1279","1,0954","0,63%"
"26.06.2015","1,1166","1,1207","1,1221","1,1131","-0,34%"
"25.06.2015","1,1204","1,1204","1,1227","1,1153","-0,03%"
"24.06.2015","1,1207","1,1171","1,1237","1,1156","0,33%"
"23.06.2015","1,1170","1,1341","1,1348","1,1135","-1,51%"
"22.06.2015","1,1341","1,1363","1,1411","1,1312","-0,11%"
"19.06.2015","1,1353","1,1360","1,1393","1,1292","-0,06%"
"18.06.2015","1,1360","1,1337","1,1438","1,1331","0,20%"
"17.06.2015","1,1337","1,1249","1,1360","1,1213","0,79%"
"16.06.2015","1,1248","1,1283","1,1331","1,1206","-0,32%"
"15.06.2015","1,1284","1,1225","1,1294","1,1189","0,13%"
"12.06.2015","1,1269","1,1258","1,1298","1,1151","0,10%"
"11.06.2015","1,1258","1,1325","1,1332","1,1183","-0,60%"
"10.06.2015","1,1326","1,1286","1,1387","1,1261","0,37%"
"09.06.2015","1,1284","1,1292","1,1345","1,1214","-0,07%"
"08.06.2015","1,1292","1,1113","1,1307","1,1080","1,61%"
"05.06.2015","1,1113","1,1239","1,1281","1,1050","-1,12%"
"04.06.2015","1,1239","1,1276","1,1381","1,1227","-0,32%"
"03.06.2015","1,1275","1,1151","1,1284","1,1079","1,08%"
"02.06.2015","1,1155","1,0928","1,1193","1,0915","2,08%"
"01.06.2015","1,0928","1,0989","1,0991","1,0888","-0,55%"
"29.05.2015","1,0988","1,0948","1,1006","1,0926","0,36%"
"28.05.2015","1,0949","1,0905","1,0960","1,0869","0,40%"
"27.05.2015","1,0905","1,0873","1,0931","1,0820","0,29%"
"26.05.2015","1,0873","1,0978","1,0985","1,0863","-0,96%"
"25.05.2015","1,0978","1,1006","1,1012","1,0961","-0,36%"
"22.05.2015","1,1018","1,1115","1,1211","1,1004","-0,85%"
"21.05.2015","1,1113","1,1092","1,1181","1,1080","0,18%"
"20.05.2015","1,1093","1,1150","1,1156","1,1063","-0,50%"
"19.05.2015","1,1149","1,1317","1,1328","1,1119","-1,47%"
"18.05.2015","1,1315","1,1441","1,1450","1,1298","-1,20%"
"15.05.2015","1,1452","1,1410","1,1467","1,1324","0,37%"
"14.05.2015","1,1410","1,1359","1,1447","1,1341","0,47%"
"13.05.2015","1,1357","1,1214","1,1385","1,1204","1,28%"
"12.05.2015","1,1214","1,1155","1,1277","1,1134","0,53%"
"11.05.2015","1,1155","1,1197","1,1207","1,1131","-0,44%"
"08.05.2015","1,1204","1,1267","1,1290","1,1178","-0,56%"
"07.05.2015","1,1267","1,1347","1,1393","1,1237","-0,76%"
"06.05.2015","1,1353","1,1187","1,1372","1,1176","1,49%"
"05.05.2015","1,1186","1,1147","1,1223","1,1067","0,36%"
"04.05.2015","1,1146","1,1202","1,1226","1,1123","-0,50%"
"01.05.2015","1,1202","1,1223","1,1290","1,1176","-0,20%"
"30.04.2015","1,1225","1,1130","1,1269","1,1073","0,84%"
"29.04.2015","1,1132","1,0983","1,1189","1,0960","1,38%"
"28.04.2015","1,0981","1,0894","1,0991","1,0859","0,85%"
"27.04.2015","1,0888","1,0873","1,0928","1,0821","0,13%"
"24.04.2015","1,0874","1,0825","1,0901","1,0785","0,43%"
"23.04.2015","1,0827","1,0726","1,0848","1,0667","0,94%"
"22.04.2015","1,0726","1,0736","1,0802","1,0709","-0,09%"
"21.04.2015","1,0736","1,0740","1,0784","1,0661","-0,01%"
"20.04.2015","1,0737","1,0821","1,0825","1,0713","-0,65%"
"17.04.2015","1,0807","1,0762","1,0850","1,0737","0,42%"
"16.04.2015","1,0762","1,0684","1,0819","1,0625","0,71%"
"15.04.2015","1,0686","1,0655","1,0703","1,0572","0,30%"
"14.04.2015","1,0654","1,0566","1,0709","1,0530","0,81%"
"13.04.2015","1,0568","1,0602","1,0619","1,0520","-0,34%"
"10.04.2015","1,0604","1,0660","1,0685","1,0569","-0,52%"
"09.04.2015","1,0659","1,0781","1,0789","1,0638","-1,13%"
"08.04.2015","1,0781","1,0816","1,0888","1,0764","-0,32%"
"07.04.2015","1,0816","1,0922","1,0957","1,0805","-0,99%"
"06.04.2015","1,0924","1,0991","1,1037","1,0911","-0,49%"
"03.04.2015","1,0978","1,0883","1,1028","1,0864","0,86%"
"02.04.2015","1,0884","1,0764","1,0905","1,0751","1,11%"
"01.04.2015","1,0764","1,0735","1,0801","1,0719","0,31%"
"31.03.2015","1,0731","1,0833","1,0846","1,0713","-0,95%"
"30.03.2015","1,0834","1,0889","1,0897","1,0811","-0,50%"
"27.03.2015","1,0888","1,0886","1,0949","1,0802","0,04%"
"26.03.2015","1,0884","1,0969","1,1052","1,0856","-0,80%"
"25.03.2015","1,0972","1,0926","1,1016","1,0901","0,42%"
"24.03.2015","1,0926","1,0947","1,1031","1,0892","-0,19%"
"23.03.2015","1,0947","1,0837","1,0972","1,0768","1,16%"
"20.03.2015","1,0822","1,0661","1,0883","1,0650","1,52%"
"19.03.2015","1,0660","1,0866","1,0915","1,0613","-1,90%"
"18.03.2015","1,0867","1,0598","1,1033","1,0581","2,54%"
"17.03.2015","1,0598","1,0566","1,0650","1,0551","0,28%"
"16.03.2015","1,0568","1,0494","1,0621","1,0459","0,70%"
"13.03.2015","1,0495","1,0637","1,0639","1,0462","-1,32%"
"12.03.2015","1,0635","1,0547","1,0684","1,0495","0,83%"
"11.03.2015","1,0547","1,0699","1,0718","1,0511","-1,41%"
"10.03.2015","1,0698","1,0851","1,0856","1,0692","-1,42%"
"09.03.2015","1,0852","1,0832","1,0908","1,0823","0,07%"
"06.03.2015","1,0844","1,1033","1,1035","1,0842","-1,70%"
"05.03.2015","1,1031","1,1079","1,1115","1,0989","-0,43%"
"04.03.2015","1,1079","1,1178","1,1187","1,1062","-0,87%"
"03.03.2015","1,1176","1,1183","1,1219","1,1155","-0,08%"
"02.03.2015","1,1185","1,1187","1,1242","1,1159","-0,09%"
"27.02.2015","1,1195","1,1199","1,1248","1,1178","-0,03%"
"26.02.2015","1,1198","1,1361","1,1381","1,1184","-1,44%"
"25.02.2015","1,1362","1,1340","1,1389","1,1334","0,19%"
"24.02.2015","1,1341","1,1336","1,1360","1,1289","0,08%"
"23.02.2015","1,1332","1,1385","1,1414","1,1296","-0,43%"
"20.02.2015","1,1381","1,1370","1,1431","1,1280","0,13%"
"19.02.2015","1,1366","1,1397","1,1450","1,1355","-0,27%"
"18.02.2015","1,1397","1,1412","1,1418","1,1334","-0,13%"
"17.02.2015","1,1412","1,1354","1,1450","1,1322","0,52%"
"16.02.2015","1,1353","1,1385","1,1429","1,1317","-0,28%"
"13.02.2015","1,1385","1,1403","1,1443","1,1380","-0,16%"
"12.02.2015","1,1403","1,1334","1,1423","1,1302","0,61%"
"11.02.2015","1,1334","1,1321","1,1349","1,1280","0,11%"
"10.02.2015","1,1321","1,1327","1,1347","1,1274","-0,03%"
"09.02.2015","1,1324","1,1315","1,1359","1,1271","0,08%"
"06.02.2015","1,1315","1,1477","1,1488","1,1313","-1,41%"
"05.02.2015","1,1477","1,1345","1,1500","1,1304","1,15%"
"04.02.2015","1,1347","1,1482","1,1486","1,1317","-1,17%"
"03.02.2015","1,1481","1,1343","1,1534","1,1313","1,23%"
"02.02.2015","1,1342","1,1284","1,1364","1,1280","0,48%"
"30.01.2015","1,1288","1,1321","1,1366","1,1279","-0,28%"
"29.01.2015","1,1320","1,1287","1,1369","1,1261","0,28%"
"28.01.2015","1,1288","1,1382","1,1385","1,1276","-0,82%"
"27.01.2015","1,1381","1,1237","1,1423","1,1224","1,26%"
"26.01.2015","1,1239","1,1186","1,1297","1,1099","0,28%"
"23.01.2015","1,1208","1,1366","1,1374","1,1114","-1,39%"
"22.01.2015","1,1366","1,1610","1,1648","1,1317","-2,10%"
"21.01.2015","1,1610","1,1553","1,1677","1,1542","0,51%"
"20.01.2015","1,1551","1,1606","1,1616","1,1540","-0,47%"
"19.01.2015","1,1606","1,1551","1,1641","1,1545","0,31%"
"16.01.2015","1,1570","1,1633","1,1650","1,1462","-0,52%"
"15.01.2015","1,1631","1,1789","1,1795","1,1570","-1,34%"
"14.01.2015","1,1789","1,1772","1,1846","1,1726","0,14%"
"13.01.2015","1,1772","1,1833","1,1860","1,1753","-0,52%"
"12.01.2015","1,1834","1,1838","1,1871","1,1786","-0,06%"
"09.01.2015","1,1841","1,1793","1,1848","1,1763","0,41%"
"08.01.2015","1,1793","1,1839","1,1848","1,1753","-0,39%"
"07.01.2015","1,1839","1,1892","1,1898","1,1803","-0,42%"
"06.01.2015","1,1889","1,1933","1,1969","1,1884","-0,38%"
"05.01.2015","1,1934","1,2003","1,2008","1,1883","-0,57%"
"02.01.2015","1,2003","1,2106","1,2111","1,2001","-0,83%"
"01.01.2015","1,2104","1,2100","1,2107","1,2094","0,05%"