"Date","Price","Open","High","Low","Change %"
"Jan 08, 2021","103.96","103.81","104.09","103.61","0.16%"
"Jan 07, 2021","103.80","103.04","103.96","102.95","0.74%"
"Jan 06, 2021","103.04","102.75","103.45","102.58","0.31%"
"Jan 05, 2021","102.72","103.13","103.19","102.60","-0.37%"
"Jan 04, 2021","103.10","103.18","103.32","102.71","-0.10%"
"Jan 01, 2021","103.20","103.25","103.25","103.21","-0.00%"
"Dec 31, 2020","103.21","103.12","103.32","103.00","0.03%"
"Dec 30, 2020","103.17","103.58","103.61","102.96","-0.38%"
"Dec 29, 2020","103.56","103.79","103.85","103.46","-0.21%"
"Dec 28, 2020","103.78","103.54","103.90","103.39","0.29%"
"Dec 25, 2020","103.48","103.64","103.69","103.39","-0.14%"
"Dec 24, 2020","103.63","103.57","103.77","103.50","0.08%"
"Dec 23, 2020","103.55","103.64","103.66","103.36","-0.08%"
"Dec 22, 2020","103.63","103.32","103.75","103.28","0.32%"
"Dec 21, 2020","103.30","103.39","103.89","103.25","-0.01%"
"Dec 18, 2020","103.31","103.13","103.60","103.10","0.20%"
"Dec 17, 2020","103.10","103.50","103.57","102.88","-0.37%"
"Dec 16, 2020","103.48","103.67","103.92","103.26","-0.17%"
"Dec 15, 2020","103.66","104.04","104.15","103.60","-0.36%"
"Dec 14, 2020","104.03","104.00","104.11","103.51","0.02%"
"Dec 11, 2020","104.01","104.21","104.29","103.82","-0.18%"
"Dec 10, 2020","104.20","104.24","104.59","104.17","-0.01%"
"Dec 09, 2020","104.21","104.17","104.42","104.05","0.06%"
"Dec 08, 2020","104.15","104.06","104.22","103.95","0.09%"
"Dec 07, 2020","104.06","104.14","104.32","103.92","-0.08%"
"Dec 04, 2020","104.14","103.85","104.25","103.74","0.30%"
"Dec 03, 2020","103.83","104.39","104.54","103.67","-0.55%"
"Dec 02, 2020","104.40","104.32","104.76","104.22","0.10%"
"Dec 01, 2020","104.30","104.32","104.59","104.18","0.03%"
"Nov 30, 2020","104.27","104.07","104.42","103.82","0.16%"
"Nov 27, 2020","104.10","104.27","104.29","103.90","-0.14%"
"Nov 26, 2020","104.25","104.46","104.49","104.21","-0.19%"
"Nov 25, 2020","104.45","104.43","104.61","104.25","0.02%"
"Nov 24, 2020","104.43","104.56","104.77","104.14","-0.11%"
"Nov 23, 2020","104.54","103.86","104.65","103.68","0.66%"
"Nov 20, 2020","103.85","103.74","103.92","103.70","0.13%"
"Nov 19, 2020","103.72","103.82","104.22","103.71","-0.11%"
"Nov 18, 2020","103.83","104.21","104.22","103.64","-0.33%"
"Nov 17, 2020","104.17","104.58","104.63","104.07","-0.37%"
"Nov 16, 2020","104.56","104.89","105.14","104.36","-0.06%"
"Nov 13, 2020","104.62","105.14","105.17","104.56","-0.48%"
"Nov 12, 2020","105.12","105.43","105.49","105.07","-0.28%"
"Nov 11, 2020","105.42","105.31","105.69","105.00","0.13%"
"Nov 10, 2020","105.28","105.38","105.50","104.79","-0.08%"
"Nov 09, 2020","105.36","103.35","105.66","103.19","1.96%"
"Nov 06, 2020","103.33","103.51","103.77","103.17","-0.14%"
"Nov 05, 2020","103.47","104.52","104.57","103.44","-0.97%"
"Nov 04, 2020","104.48","104.47","105.35","104.14","0.02%"
"Nov 03, 2020","104.46","104.72","104.82","104.43","-0.24%"
"Nov 02, 2020","104.71","104.57","104.96","104.54","0.07%"
"Oct 30, 2020","104.64","104.64","104.75","104.12","0.03%"
"Oct 29, 2020","104.61","104.36","104.74","104.03","0.31%"
"Oct 28, 2020","104.29","104.42","104.57","104.11","-0.11%"
"Oct 27, 2020","104.40","104.83","104.90","104.39","-0.40%"
"Oct 26, 2020","104.82","104.75","105.07","104.64","0.12%"
"Oct 23, 2020","104.69","104.85","104.94","104.54","-0.12%"
"Oct 22, 2020","104.82","104.59","104.93","104.46","0.25%"
"Oct 21, 2020","104.56","105.50","105.53","104.33","-0.88%"
"Oct 20, 2020","105.49","105.43","105.75","105.39","0.07%"
"Oct 19, 2020","105.42","105.39","105.51","105.29","0.02%"
"Oct 16, 2020","105.40","105.46","105.46","105.18","-0.04%"
"Oct 15, 2020","105.44","105.14","105.50","105.09","0.28%"
"Oct 14, 2020","105.15","105.48","105.53","105.04","-0.30%"
"Oct 13, 2020","105.47","105.33","105.64","105.28","0.16%"
"Oct 12, 2020","105.30","105.71","105.89","105.24","-0.27%"
"Oct 09, 2020","105.59","106.03","106.05","105.57","-0.40%"
"Oct 08, 2020","106.01","105.96","106.11","105.92","0.05%"
"Oct 07, 2020","105.96","105.64","106.12","105.60","0.32%"
"Oct 06, 2020","105.62","105.74","105.79","105.46","-0.09%"
"Oct 05, 2020","105.72","105.29","105.81","105.29","0.37%"
"Oct 02, 2020","105.33","105.53","105.68","104.93","-0.16%"
"Oct 01, 2020","105.50","105.46","105.75","105.40","0.05%"
"Sep 30, 2020","105.45","105.64","105.81","105.40","-0.18%"
"Sep 29, 2020","105.64","105.50","105.75","105.34","0.14%"
"Sep 28, 2020","105.49","105.51","105.69","105.26","-0.10%"
"Sep 25, 2020","105.60","105.42","105.71","105.24","0.19%"
"Sep 24, 2020","105.40","105.40","105.54","105.20","0.03%"
"Sep 23, 2020","105.37","104.93","105.50","104.89","0.44%"
"Sep 22, 2020","104.91","104.65","105.09","104.40","0.26%"
"Sep 21, 2020","104.64","104.44","104.84","104.00","0.09%"
"Sep 18, 2020","104.55","104.75","104.88","104.26","-0.17%"
"Sep 17, 2020","104.73","104.95","105.18","104.52","-0.20%"
"Sep 16, 2020","104.94","105.44","105.45","104.79","-0.46%"
"Sep 15, 2020","105.43","105.72","105.83","105.29","-0.27%"
"Sep 14, 2020","105.72","106.17","106.21","105.54","-0.40%"
"Sep 11, 2020","106.14","106.13","106.28","106.06","0.01%"
"Sep 10, 2020","106.13","106.21","106.31","105.98","-0.04%"
"Sep 09, 2020","106.17","106.04","106.29","105.78","0.15%"
"Sep 08, 2020","106.01","106.29","106.39","105.86","-0.23%"
"Sep 07, 2020","106.25","106.28","106.39","106.13","0.02%"
"Sep 04, 2020","106.23","106.19","106.51","106.06","0.06%"
"Sep 03, 2020","106.17","106.18","106.57","106.00","-0.01%"
"Sep 02, 2020","106.18","105.96","106.32","105.85","0.22%"
"Sep 01, 2020","105.95","105.93","106.16","105.59","0.06%"
"Aug 31, 2020","105.89","105.36","106.10","105.29","0.52%"
"Aug 28, 2020","105.34","106.57","106.96","105.19","-1.14%"
"Aug 27, 2020","106.55","105.99","106.71","105.61","0.54%"
"Aug 26, 2020","105.98","106.39","106.56","105.95","-0.36%"
"Aug 25, 2020","106.36","105.98","106.59","105.86","0.37%"
"Aug 24, 2020","105.97","105.86","106.01","105.69","0.18%"
"Aug 21, 2020","105.78","105.79","106.08","105.43","-0.01%"
"Aug 20, 2020","105.79","106.11","106.22","105.74","-0.29%"
"Aug 19, 2020","106.10","105.41","106.15","105.10","0.65%"
"Aug 18, 2020","105.42","106.00","106.07","105.28","-0.54%"
"Aug 17, 2020","105.99","106.63","106.67","105.94","-0.56%"
"Aug 14, 2020","106.59","106.90","107.04","106.43","-0.31%"
"Aug 13, 2020","106.92","106.89","107.06","106.56","0.03%"
"Aug 12, 2020","106.89","106.51","107.03","106.44","0.39%"
"Aug 11, 2020","106.48","105.96","106.70","105.92","0.50%"
"Aug 10, 2020","105.95","105.96","106.21","105.71","0.02%"
"Aug 07, 2020","105.93","105.51","106.07","105.47","0.36%"
"Aug 06, 2020","105.55","105.57","105.71","105.29","-0.03%"
"Aug 05, 2020","105.58","105.72","105.89","105.32","-0.13%"
"Aug 04, 2020","105.72","105.96","106.21","105.64","-0.22%"
"Aug 03, 2020","105.96","105.89","106.48","105.57","0.06%"
"Jul 31, 2020","105.89","104.71","106.07","104.18","1.11%"
"Jul 30, 2020","104.74","104.92","105.31","104.68","-0.18%"
"Jul 29, 2020","104.92","105.06","105.25","104.76","-0.16%"
"Jul 28, 2020","105.09","105.36","105.70","104.95","-0.27%"
"Jul 27, 2020","105.38","105.97","106.21","105.11","-0.72%"
"Jul 24, 2020","106.14","106.86","106.92","105.68","-0.68%"
"Jul 23, 2020","106.86","107.15","107.24","106.71","-0.27%"
"Jul 22, 2020","107.15","106.78","107.29","106.71","0.35%"
"Jul 21, 2020","106.78","107.26","107.38","106.68","-0.45%"
"Jul 20, 2020","107.25","107.11","107.53","107.01","0.23%"
"Jul 17, 2020","107.00","107.26","107.37","106.93","-0.25%"
"Jul 16, 2020","107.27","106.93","107.41","106.83","0.31%"
"Jul 15, 2020","106.94","107.23","107.32","106.66","-0.28%"
"Jul 14, 2020","107.25","107.29","107.44","107.11","-0.03%"
"Jul 13, 2020","107.28","106.90","107.33","106.78","0.35%"
"Jul 10, 2020","106.90","107.21","107.27","106.64","-0.28%"
"Jul 09, 2020","107.21","107.31","107.41","107.10","-0.05%"
"Jul 08, 2020","107.26","107.52","107.71","107.19","-0.24%"
"Jul 07, 2020","107.52","107.35","107.80","107.24","0.14%"
"Jul 06, 2020","107.36","107.50","107.78","107.25","-0.13%"
"Jul 03, 2020","107.51","107.50","107.58","107.43","0.01%"
"Jul 02, 2020","107.50","107.47","107.74","107.33","0.02%"
"Jul 01, 2020","107.47","107.93","108.17","107.36","-0.43%"
"Jun 30, 2020","107.93","107.57","108.00","107.52","0.34%"
"Jun 29, 2020","107.57","107.19","107.89","107.04","0.32%"
"Jun 26, 2020","107.22","107.24","107.37","106.79","0.02%"
"Jun 25, 2020","107.20","107.06","107.46","106.99","0.15%"
"Jun 24, 2020","107.04","106.52","107.08","106.38","0.48%"
"Jun 23, 2020","106.53","106.91","107.23","106.07","-0.34%"
"Jun 22, 2020","106.89","106.90","107.02","106.76","0.00%"
"Jun 19, 2020","106.89","106.97","107.07","106.76","-0.08%"
"Jun 18, 2020","106.97","107.00","107.14","106.67","-0.03%"
"Jun 17, 2020","107.00","107.35","107.46","106.95","-0.31%"
"Jun 16, 2020","107.33","107.33","107.64","107.21","0.01%"
"Jun 15, 2020","107.32","107.33","107.58","107.00","-0.03%"
"Jun 12, 2020","107.36","106.88","107.56","106.58","0.46%"
"Jun 11, 2020","106.86","107.13","107.24","106.57","-0.23%"
"Jun 10, 2020","107.11","107.72","107.89","106.99","-0.58%"
"Jun 09, 2020","107.74","108.44","108.55","107.61","-0.64%"
"Jun 08, 2020","108.43","109.68","109.70","108.24","-1.06%"
"Jun 05, 2020","109.59","109.14","109.86","109.04","0.42%"
"Jun 04, 2020","109.14","108.89","109.20","108.61","0.22%"
"Jun 03, 2020","108.90","108.68","109.00","108.42","0.21%"
"Jun 02, 2020","108.68","107.59","108.78","107.50","1.01%"
"Jun 01, 2020","107.59","107.74","107.86","107.38","-0.18%"
"May 29, 2020","107.79","107.67","107.90","107.07","0.13%"
"May 28, 2020","107.64","107.72","107.90","107.57","-0.07%"
"May 27, 2020","107.72","107.54","107.96","107.36","0.16%"
"May 26, 2020","107.54","107.71","107.93","107.40","-0.15%"
"May 25, 2020","107.71","107.58","107.79","107.56","0.07%"
"May 22, 2020","107.63","107.61","107.77","107.32","0.00%"
"May 21, 2020","107.62","107.50","107.86","107.47","0.09%"
"May 20, 2020","107.53","107.71","107.99","107.33","-0.17%"
"May 19, 2020","107.71","107.32","108.09","107.29","0.34%"
"May 18, 2020","107.35","107.08","107.51","107.04","0.29%"
"May 15, 2020","107.04","107.25","107.44","106.85","-0.21%"
"May 14, 2020","107.25","107.04","107.38","106.77","0.21%"
"May 13, 2020","107.03","107.11","107.28","106.74","-0.11%"
"May 12, 2020","107.14","107.68","107.71","107.12","-0.49%"
"May 11, 2020","107.68","106.64","107.78","106.54","0.95%"
"May 08, 2020","106.67","106.29","106.75","106.22","0.36%"
"May 07, 2020","106.29","106.11","106.67","105.99","0.12%"
"May 06, 2020","106.15","106.61","106.64","105.98","-0.41%"
"May 05, 2020","106.60","106.78","106.91","106.42","-0.14%"
"May 04, 2020","106.75","106.82","107.08","106.63","-0.19%"
"May 01, 2020","106.94","107.18","107.41","106.60","-0.22%"
"Apr 30, 2020","107.18","106.71","107.51","106.40","0.44%"
"Apr 29, 2020","106.71","106.88","106.90","106.36","-0.15%"
"Apr 28, 2020","106.88","107.22","107.35","106.56","-0.34%"
"Apr 27, 2020","107.24","107.49","107.64","106.99","-0.26%"
"Apr 24, 2020","107.51","107.58","107.76","107.37","-0.07%"
"Apr 23, 2020","107.60","107.76","108.04","107.34","-0.14%"
"Apr 22, 2020","107.75","107.82","107.94","107.51","-0.03%"
"Apr 21, 2020","107.78","107.63","107.90","107.28","0.14%"
"Apr 20, 2020","107.63","107.57","107.96","107.49","0.09%"
"Apr 17, 2020","107.53","107.96","108.08","107.30","-0.40%"
"Apr 16, 2020","107.96","107.49","108.10","107.17","0.44%"
"Apr 15, 2020","107.49","107.21","107.86","106.93","0.25%"
"Apr 14, 2020","107.21","107.78","107.81","106.97","-0.52%"
"Apr 13, 2020","107.78","108.54","108.54","107.50","-0.65%"
"Apr 10, 2020","108.47","108.54","108.61","108.32","0.00%"
"Apr 09, 2020","108.47","108.82","109.07","108.21","-0.32%"
"Apr 08, 2020","108.82","108.71","109.11","108.50","0.10%"
"Apr 07, 2020","108.71","109.24","109.29","108.67","-0.47%"
"Apr 06, 2020","109.22","108.43","109.39","108.35","0.70%"
"Apr 03, 2020","108.46","107.92","108.69","107.80","0.51%"
"Apr 02, 2020","107.92","107.17","108.11","107.01","0.70%"
"Apr 01, 2020","107.17","107.54","107.95","106.91","-0.35%"
"Mar 31, 2020","107.54","107.76","108.74","107.46","-0.26%"
"Mar 30, 2020","107.82","107.89","108.31","107.11","-0.07%"
"Mar 27, 2020","107.90","109.60","109.71","107.75","-1.54%"
"Mar 26, 2020","109.60","111.21","111.32","109.21","-1.45%"
"Mar 25, 2020","111.21","111.21","111.69","110.75","-0.02%"
"Mar 24, 2020","111.22","111.21","111.72","110.08","0.01%"
"Mar 23, 2020","111.21","111.04","111.61","109.67","0.36%"
"Mar 20, 2020","110.82","110.71","111.52","109.31","0.09%"
"Mar 19, 2020","110.71","108.07","110.96","107.85","2.16%"
"Mar 18, 2020","108.37","107.36","108.65","106.76","0.63%"
"Mar 17, 2020","107.69","105.86","107.88","105.86","1.73%"
"Mar 16, 2020","105.86","107.92","107.92","105.14","-1.91%"
"Mar 13, 2020","107.92","104.62","108.50","104.50","3.13%"
"Mar 12, 2020","104.64","104.56","106.09","103.09","0.09%"
"Mar 11, 2020","104.55","105.66","105.69","104.11","-1.03%"
"Mar 10, 2020","105.64","102.38","105.92","102.00","3.20%"
"Mar 09, 2020","102.36","104.91","104.92","101.19","-2.80%"
"Mar 06, 2020","105.31","106.17","106.36","105.00","-0.81%"
"Mar 05, 2020","106.17","107.53","107.73","105.97","-1.26%"
"Mar 04, 2020","107.53","107.14","107.69","106.86","0.36%"
"Mar 03, 2020","107.14","108.31","108.55","106.94","-1.08%"
"Mar 02, 2020","108.31","107.39","108.58","106.98","0.21%"
"Feb 28, 2020","108.08","109.61","109.69","107.50","-1.38%"
"Feb 27, 2020","109.59","110.42","110.47","109.58","-0.75%"
"Feb 26, 2020","110.42","110.19","110.70","110.12","0.20%"
"Feb 25, 2020","110.20","110.73","111.05","109.89","-0.47%"
"Feb 24, 2020","110.72","111.61","111.69","110.33","-0.77%"
"Feb 21, 2020","111.58","112.11","112.19","111.47","-0.48%"
"Feb 20, 2020","112.12","111.38","112.22","111.11","0.68%"
"Feb 19, 2020","111.36","109.88","111.59","109.84","1.35%"
"Feb 18, 2020","109.88","109.88","109.95","109.66","-0.01%"
"Feb 17, 2020","109.89","109.78","109.97","109.72","0.13%"
"Feb 14, 2020","109.75","109.81","109.92","109.69","-0.05%"
"Feb 13, 2020","109.81","110.09","110.09","109.61","-0.25%"
"Feb 12, 2020","110.08","109.78","110.14","109.77","0.27%"
"Feb 11, 2020","109.78","109.78","109.97","109.72","0.03%"
"Feb 10, 2020","109.75","109.86","109.89","109.56","0.02%"
"Feb 07, 2020","109.73","110.00","110.03","109.53","-0.25%"
"Feb 06, 2020","110.00","109.81","110.00","109.72","0.17%"
"Feb 05, 2020","109.81","109.53","109.86","109.31","0.26%"
"Feb 04, 2020","109.53","108.69","109.56","108.56","0.77%"
"Feb 03, 2020","108.69","108.42","108.81","108.33","0.28%"
"Jan 31, 2020","108.39","108.97","109.14","108.31","-0.53%"
"Jan 30, 2020","108.97","109.02","109.08","108.58","-0.03%"
"Jan 29, 2020","109.00","109.16","109.28","108.97","-0.13%"
"Jan 28, 2020","109.14","108.89","109.20","108.75","0.23%"
"Jan 27, 2020","108.89","109.05","109.14","108.72","-0.36%"
"Jan 24, 2020","109.28","109.48","109.66","109.17","-0.19%"
"Jan 23, 2020","109.49","109.84","109.87","109.26","-0.32%"
"Jan 22, 2020","109.84","109.86","110.10","109.82","-0.04%"
"Jan 21, 2020","109.88","110.19","110.22","109.77","-0.28%"
"Jan 20, 2020","110.19","110.14","110.22","110.03","0.03%"
"Jan 17, 2020","110.16","110.14","110.30","110.05","0.00%"
"Jan 16, 2020","110.16","109.89","110.19","109.86","0.25%"
"Jan 15, 2020","109.89","110.00","110.03","109.78","-0.08%"
"Jan 14, 2020","109.98","109.94","110.22","109.86","0.04%"
"Jan 13, 2020","109.94","109.49","109.95","109.45","0.43%"
"Jan 10, 2020","109.47","109.52","109.70","109.44","-0.05%"
"Jan 09, 2020","109.52","109.12","109.58","109.01","0.35%"
"Jan 08, 2020","109.14","108.42","109.25","107.64","0.65%"
"Jan 07, 2020","108.44","108.38","108.64","108.27","0.06%"
"Jan 06, 2020","108.38","108.00","108.52","107.77","0.27%"
"Jan 03, 2020","108.09","108.56","108.64","107.83","-0.45%"
"Jan 02, 2020","108.58","108.75","108.86","108.20","-0.11%"
"Jan 01, 2020","108.70","108.61","108.75","108.59","0.07%"
"Dec 31, 2019","108.62","108.89","108.89","108.47","-0.24%"
"Dec 30, 2019","108.88","109.47","109.52","108.75","-0.49%"
"Dec 27, 2019","109.42","109.61","109.64","109.39","-0.20%"
"Dec 26, 2019","109.64","109.34","109.69","109.32","0.26%"
"Dec 25, 2019","109.36","109.39","109.42","109.27","-0.03%"
"Dec 24, 2019","109.39","109.39","109.44","109.31","0.00%"
"Dec 23, 2019","109.39","109.41","109.53","109.33","-0.05%"
"Dec 20, 2019","109.44","109.36","109.53","109.25","0.05%"
"Dec 19, 2019","109.38","109.55","109.67","109.17","-0.14%"
"Dec 18, 2019","109.53","109.50","109.62","109.39","0.05%"
"Dec 17, 2019","109.48","109.53","109.64","109.44","-0.02%"
"Dec 16, 2019","109.50","109.39","109.69","109.25","0.11%"
"Dec 13, 2019","109.38","109.31","109.72","108.92","0.06%"
"Dec 12, 2019","109.31","108.57","109.46","108.46","0.69%"
"Dec 11, 2019","108.56","108.72","108.86","108.47","-0.14%"
"Dec 10, 2019","108.71","108.56","108.77","108.51","0.14%"
"Dec 09, 2019","108.56","108.68","108.68","108.42","-0.05%"
"Dec 06, 2019","108.61","108.77","108.92","108.53","-0.14%"
"Dec 05, 2019","108.76","108.86","109.00","108.65","-0.09%"
"Dec 04, 2019","108.86","108.64","108.97","108.42","0.20%"
"Dec 03, 2019","108.64","108.97","109.22","108.48","-0.33%"
"Dec 02, 2019","109.00","109.53","109.73","108.92","-0.47%"
"Nov 29, 2019","109.52","109.50","109.67","109.39","0.00%"
"Nov 28, 2019","109.52","109.55","109.58","109.33","-0.04%"
"Nov 27, 2019","109.56","109.03","109.61","109.00","0.47%"
"Nov 26, 2019","109.05","108.92","109.20","108.88","0.12%"
"Nov 25, 2019","108.92","108.72","108.98","108.64","0.24%"
"Nov 22, 2019","108.66","108.64","108.73","108.47","0.02%"
"Nov 21, 2019","108.64","108.61","108.70","108.28","0.03%"
"Nov 20, 2019","108.61","108.55","108.75","108.34","0.06%"
"Nov 19, 2019","108.55","108.67","108.86","108.45","-0.11%"
"Nov 18, 2019","108.67","108.83","109.08","108.52","-0.07%"
"Nov 15, 2019","108.75","108.41","108.86","108.38","0.31%"
"Nov 14, 2019","108.41","108.83","108.88","108.25","-0.39%"
"Nov 13, 2019","108.83","109.00","109.16","108.66","-0.17%"
"Nov 12, 2019","109.02","109.06","109.31","108.92","-0.04%"
"Nov 11, 2019","109.06","109.20","109.27","108.89","-0.20%"
"Nov 08, 2019","109.28","109.28","109.48","109.08","0.00%"
"Nov 07, 2019","109.28","108.97","109.50","108.66","0.28%"
"Nov 06, 2019","108.97","109.17","109.19","108.81","-0.17%"
"Nov 05, 2019","109.16","108.58","109.25","108.55","0.53%"
"Nov 04, 2019","108.58","108.19","108.66","108.17","0.36%"
"Nov 01, 2019","108.19","108.06","108.33","107.89","0.15%"
"Oct 31, 2019","108.03","108.83","108.91","107.92","-0.74%"
"Oct 30, 2019","108.84","108.89","109.30","108.72","-0.05%"
"Oct 29, 2019","108.89","108.95","109.08","108.77","-0.06%"
"Oct 28, 2019","108.95","108.67","109.05","108.66","0.27%"
"Oct 25, 2019","108.66","108.63","108.79","108.51","0.05%"
"Oct 24, 2019","108.61","108.67","108.75","108.48","-0.07%"
"Oct 23, 2019","108.69","108.50","108.72","108.25","0.19%"
"Oct 22, 2019","108.48","108.61","108.73","108.44","-0.12%"
"Oct 21, 2019","108.61","108.47","108.67","108.30","0.17%"
"Oct 18, 2019","108.43","108.66","108.73","108.38","-0.22%"
"Oct 17, 2019","108.67","108.77","108.94","108.47","-0.09%"
"Oct 16, 2019","108.77","108.86","108.88","108.57","-0.08%"
"Oct 15, 2019","108.86","108.42","108.91","108.16","0.43%"
"Oct 14, 2019","108.39","108.36","108.53","108.03","-0.03%"
"Oct 11, 2019","108.42","107.98","108.62","107.84","0.42%"
"Oct 10, 2019","107.97","107.47","108.03","107.03","0.47%"
"Oct 09, 2019","107.47","107.08","107.64","106.94","0.36%"
"Oct 08, 2019","107.08","107.30","107.45","106.81","-0.21%"
"Oct 07, 2019","107.30","106.97","107.47","106.56","0.34%"
"Oct 04, 2019","106.94","106.92","107.14","106.58","0.02%"
"Oct 03, 2019","106.92","107.19","107.31","106.48","-0.24%"
"Oct 02, 2019","107.18","107.73","107.90","107.04","-0.53%"
"Oct 01, 2019","107.75","108.08","108.47","107.62","-0.31%"
"Sep 30, 2019","108.08","107.92","108.19","107.75","0.13%"
"Sep 27, 2019","107.94","107.83","108.19","107.66","0.10%"
"Sep 26, 2019","107.83","107.78","107.97","107.42","0.05%"
"Sep 25, 2019","107.78","107.06","107.89","107.00","0.67%"
"Sep 24, 2019","107.06","107.55","107.80","106.97","-0.46%"
"Sep 23, 2019","107.56","107.53","107.78","107.31","0.00%"
"Sep 20, 2019","107.56","108.02","108.09","107.53","-0.43%"
"Sep 19, 2019","108.02","108.45","108.47","107.78","-0.40%"
"Sep 18, 2019","108.45","108.12","108.48","108.08","0.29%"
"Sep 17, 2019","108.14","108.11","108.38","108.03","0.00%"
"Sep 16, 2019","108.14","107.67","108.17","107.48","0.06%"
"Sep 13, 2019","108.08","108.09","108.28","107.92","-0.03%"
"Sep 12, 2019","108.11","107.83","108.19","107.52","0.26%"
"Sep 11, 2019","107.83","107.55","107.86","107.50","0.26%"
"Sep 10, 2019","107.55","107.25","107.59","107.19","0.28%"
"Sep 09, 2019","107.25","106.83","107.28","106.77","0.31%"
"Sep 06, 2019","106.92","106.95","107.11","106.62","0.00%"
"Sep 05, 2019","106.92","106.36","107.22","106.31","0.50%"
"Sep 04, 2019","106.39","105.94","106.44","105.83","0.42%"
"Sep 03, 2019","105.94","106.23","106.40","105.74","-0.26%"
"Sep 02, 2019","106.22","106.25","106.41","105.92","-0.08%"
"Aug 30, 2019","106.31","106.50","106.56","106.11","-0.20%"
"Aug 29, 2019","106.52","106.12","106.69","105.83","0.38%"
"Aug 28, 2019","106.12","105.75","106.23","105.66","0.37%"
"Aug 27, 2019","105.73","106.16","106.17","105.59","-0.39%"
"Aug 26, 2019","106.14","105.14","106.41","104.45","0.69%"
"Aug 23, 2019","105.41","106.44","106.75","105.27","-0.97%"
"Aug 22, 2019","106.44","106.61","106.66","106.25","-0.17%"
"Aug 21, 2019","106.62","106.22","106.66","106.22","0.37%"
"Aug 20, 2019","106.23","106.63","106.69","106.17","-0.38%"
"Aug 19, 2019","106.64","106.34","106.70","106.25","0.24%"
"Aug 16, 2019","106.38","106.12","106.50","106.03","0.25%"
"Aug 15, 2019","106.12","105.92","106.78","105.70","0.20%"
"Aug 14, 2019","105.91","106.75","106.78","105.66","-0.79%"
"Aug 13, 2019","106.75","105.31","106.98","105.06","1.37%"
"Aug 12, 2019","105.31","105.58","105.70","105.05","-0.34%"
"Aug 09, 2019","105.67","106.08","106.12","105.27","-0.39%"
"Aug 08, 2019","106.08","106.28","106.31","105.89","-0.19%"
"Aug 07, 2019","106.28","106.48","106.48","105.50","-0.19%"
"Aug 06, 2019","106.48","105.94","107.08","105.53","0.50%"
"Aug 05, 2019","105.95","106.59","106.69","105.78","-0.60%"
"Aug 02, 2019","106.59","107.34","107.58","106.50","-0.70%"
"Aug 01, 2019","107.34","108.80","109.33","107.27","-1.30%"
"Jul 31, 2019","108.75","108.61","109.00","108.50","0.13%"
"Jul 30, 2019","108.61","108.78","108.95","108.45","-0.16%"
"Jul 29, 2019","108.78","108.69","108.91","108.42","0.10%"
"Jul 26, 2019","108.67","108.64","108.83","108.56","0.03%"
"Jul 25, 2019","108.64","108.19","108.77","108.03","0.42%"
"Jul 24, 2019","108.19","108.22","108.28","107.94","-0.03%"
"Jul 23, 2019","108.22","107.84","108.30","107.83","0.32%"
"Jul 22, 2019","107.88","107.80","108.08","107.70","0.15%"
"Jul 19, 2019","107.72","107.30","107.97","107.22","0.39%"
"Jul 18, 2019","107.30","107.94","108.02","107.20","-0.59%"
"Jul 17, 2019","107.94","108.25","108.33","107.94","-0.28%"
"Jul 16, 2019","108.24","107.92","108.39","107.83","0.30%"
"Jul 15, 2019","107.92","107.88","108.11","107.80","0.01%"
"Jul 12, 2019","107.91","108.48","108.61","107.80","-0.54%"
"Jul 11, 2019","108.50","108.47","108.53","107.86","0.03%"
"Jul 10, 2019","108.47","108.84","108.98","108.33","-0.36%"
"Jul 09, 2019","108.86","108.72","108.97","108.67","0.13%"
"Jul 08, 2019","108.72","108.44","108.81","108.28","0.23%"
"Jul 05, 2019","108.47","107.81","108.64","107.78","0.61%"
"Jul 04, 2019","107.81","107.80","107.86","107.71","-0.02%"
"Jul 03, 2019","107.83","107.89","107.93","107.53","-0.06%"
"Jul 02, 2019","107.89","108.44","108.48","107.77","-0.51%"
"Jul 01, 2019","108.44","108.11","108.55","108.11","0.51%"
"Jun 28, 2019","107.89","107.80","107.94","107.56","0.08%"
"Jun 27, 2019","107.80","107.80","108.17","107.64","0.02%"
"Jun 26, 2019","107.78","107.19","107.86","107.09","0.55%"
"Jun 25, 2019","107.19","107.31","107.42","106.78","-0.10%"
"Jun 24, 2019","107.30","107.41","107.55","107.25","-0.01%"
"Jun 21, 2019","107.31","107.31","107.75","107.06","0.00%"
"Jun 20, 2019","107.31","108.09","108.14","107.22","-0.74%"
"Jun 19, 2019","108.11","108.45","108.62","107.91","-0.31%"
"Jun 18, 2019","108.45","108.55","108.69","108.06","-0.10%"
"Jun 17, 2019","108.56","108.44","108.72","108.41","0.00%"
"Jun 14, 2019","108.56","108.38","108.59","108.16","0.16%"
"Jun 13, 2019","108.39","108.52","108.55","108.17","-0.10%"
"Jun 12, 2019","108.50","108.52","108.58","108.22","-0.02%"
"Jun 11, 2019","108.52","108.45","108.81","108.36","0.07%"
"Jun 10, 2019","108.44","108.56","108.72","108.33","0.23%"
"Jun 07, 2019","108.19","108.42","108.62","107.89","-0.21%"
"Jun 06, 2019","108.42","108.47","108.58","108.03","-0.05%"
"Jun 05, 2019","108.47","108.14","108.50","107.81","0.31%"
"Jun 04, 2019","108.14","108.08","108.36","107.83","0.06%"
"Jun 03, 2019","108.08","108.38","108.45","107.89","-0.18%"
"May 31, 2019","108.28","109.62","109.64","108.28","-1.21%"
"May 30, 2019","109.61","109.61","109.94","109.47","0.02%"
"May 29, 2019","109.59","109.38","109.70","109.14","0.19%"
"May 28, 2019","109.38","109.50","109.64","109.22","-0.13%"
"May 27, 2019","109.52","109.31","109.59","109.28","0.19%"
"May 24, 2019","109.31","109.61","109.75","109.28","-0.27%"
"May 23, 2019","109.61","110.36","110.38","109.47","-0.68%"
"May 22, 2019","110.36","110.48","110.64","110.25","-0.13%"
"May 21, 2019","110.50","110.06","110.69","110.03","0.40%"
"May 20, 2019","110.06","110.14","110.33","109.81","-0.02%"
"May 17, 2019","110.08","109.86","110.19","109.50","0.20%"
"May 16, 2019","109.86","109.61","109.97","109.33","0.25%"
"May 15, 2019","109.59","109.61","109.72","109.16","-0.02%"
"May 14, 2019","109.61","109.30","109.78","109.14","0.27%"
"May 13, 2019","109.31","109.75","109.84","109.02","-0.57%"
"May 10, 2019","109.94","109.75","110.05","109.47","0.16%"
"May 09, 2019","109.76","110.10","110.13","109.47","-0.32%"
"May 08, 2019","110.11","110.25","110.31","109.89","-0.13%"
"May 07, 2019","110.25","110.78","110.86","110.17","-0.48%"
"May 06, 2019","110.78","110.62","110.99","110.28","-0.30%"
"May 03, 2019","111.11","111.52","111.69","111.06","-0.37%"
"May 02, 2019","111.52","111.39","111.67","111.36","0.12%"
"May 01, 2019","111.39","111.44","111.62","111.05","-0.03%"
"Apr 30, 2019","111.42","111.66","111.70","111.23","-0.20%"
"Apr 29, 2019","111.64","111.61","111.91","111.53","0.04%"
"Apr 26, 2019","111.59","111.64","112.03","111.42","-0.04%"
"Apr 25, 2019","111.64","112.19","112.25","111.39","-0.49%"
"Apr 24, 2019","112.19","111.86","112.41","111.69","0.30%"
"Apr 23, 2019","111.86","111.94","112.03","111.64","-0.07%"
"Apr 22, 2019","111.94","111.93","111.99","111.85","0.02%"
"Apr 19, 2019","111.92","111.97","112.01","111.88","-0.04%"
"Apr 18, 2019","111.97","112.06","112.08","111.77","-0.08%"
"Apr 17, 2019","112.06","112.03","112.17","111.92","0.05%"
"Apr 16, 2019","112.00","112.05","112.06","111.84","-0.03%"
"Apr 15, 2019","112.03","112.00","112.09","111.88","0.00%"
"Apr 12, 2019","112.03","111.66","112.09","111.58","0.32%"
"Apr 11, 2019","111.67","111.03","111.70","110.91","0.59%"
"Apr 10, 2019","111.02","111.14","111.28","110.84","-0.11%"
"Apr 09, 2019","111.14","111.49","111.59","110.98","-0.30%"
"Apr 08, 2019","111.48","111.72","111.80","111.28","-0.22%"
"Apr 05, 2019","111.73","111.64","111.81","111.58","0.05%"
"Apr 04, 2019","111.67","111.48","111.69","111.33","0.17%"
"Apr 03, 2019","111.48","111.33","111.58","111.20","0.13%"
"Apr 02, 2019","111.33","111.34","111.47","111.25","-0.03%"
"Apr 01, 2019","111.36","110.81","111.45","110.81","0.45%"
"Mar 29, 2019","110.86","110.62","110.95","110.53","0.20%"
"Mar 28, 2019","110.64","110.52","110.83","110.03","0.11%"
"Mar 27, 2019","110.52","110.64","110.70","110.22","-0.11%"
"Mar 26, 2019","110.64","109.97","110.69","109.94","0.61%"
"Mar 25, 2019","109.97","109.86","110.25","109.72","0.05%"
"Mar 22, 2019","109.92","110.81","110.91","109.75","-0.80%"
"Mar 21, 2019","110.81","110.72","110.97","110.30","0.11%"
"Mar 20, 2019","110.69","111.41","111.69","110.53","-0.63%"
"Mar 19, 2019","111.39","111.44","111.48","111.16","-0.03%"
"Mar 18, 2019","111.42","111.45","111.62","111.28","-0.04%"
"Mar 15, 2019","111.47","111.70","111.91","111.39","-0.22%"
"Mar 14, 2019","111.72","111.16","111.84","111.14","0.49%"
"Mar 13, 2019","111.17","111.36","111.47","111.00","-0.17%"
"Mar 12, 2019","111.36","111.20","111.47","111.11","0.14%"
"Mar 11, 2019","111.20","111.14","111.31","110.88","0.03%"
"Mar 08, 2019","111.17","111.58","111.66","110.78","-0.38%"
"Mar 07, 2019","111.59","111.77","111.86","111.48","-0.16%"
"Mar 06, 2019","111.77","111.89","111.94","111.61","-0.11%"
"Mar 05, 2019","111.89","111.72","112.12","111.70","0.13%"
"Mar 04, 2019","111.75","111.77","112.02","111.64","-0.15%"
"Mar 01, 2019","111.92","111.39","112.08","111.33","0.48%"
"Feb 28, 2019","111.39","111.00","111.50","110.66","0.35%"
"Feb 27, 2019","111.00","110.58","111.08","110.36","0.38%"
"Feb 26, 2019","110.58","111.06","111.09","110.42","-0.43%"
"Feb 25, 2019","111.06","110.67","111.23","110.56","0.33%"
"Feb 22, 2019","110.69","110.69","110.92","110.56","-0.01%"
"Feb 21, 2019","110.70","110.86","110.89","110.58","-0.14%"
"Feb 20, 2019","110.86","110.63","110.95","110.52","0.22%"
"Feb 19, 2019","110.62","110.61","110.83","110.45","0.00%"
"Feb 18, 2019","110.62","110.45","110.67","110.39","0.11%"
"Feb 15, 2019","110.50","110.48","110.66","110.25","0.02%"
"Feb 14, 2019","110.48","111.01","111.13","110.45","-0.47%"
"Feb 13, 2019","111.00","110.50","111.06","110.42","0.47%"
"Feb 12, 2019","110.48","110.36","110.64","110.33","0.09%"
"Feb 11, 2019","110.38","109.83","110.47","109.69","0.59%"
"Feb 08, 2019","109.73","109.81","109.91","109.64","-0.07%"
"Feb 07, 2019","109.81","109.97","110.09","109.61","-0.15%"
"Feb 06, 2019","109.97","109.97","110.06","109.55","0.00%"
"Feb 05, 2019","109.97","109.89","110.03","109.78","0.07%"
"Feb 04, 2019","109.89","109.50","110.16","109.43","0.36%"
"Feb 01, 2019","109.50","108.89","109.58","108.72","0.57%"
"Jan 31, 2019","108.88","109.04","109.08","108.49","-0.14%"
"Jan 30, 2019","109.03","109.39","109.75","108.81","-0.33%"
"Jan 29, 2019","109.39","109.36","109.55","109.14","0.03%"
"Jan 28, 2019","109.36","109.53","109.61","109.16","-0.17%"
"Jan 25, 2019","109.55","109.64","109.97","109.45","-0.08%"
"Jan 24, 2019","109.64","109.58","109.81","109.42","0.04%"
"Jan 23, 2019","109.60","109.37","110.00","109.32","0.20%"
"Jan 22, 2019","109.38","109.67","109.70","109.14","-0.26%"
"Jan 21, 2019","109.67","109.75","109.77","109.47","-0.10%"
"Jan 18, 2019","109.78","109.27","109.89","109.06","0.49%"
"Jan 17, 2019","109.24","109.09","109.40","108.68","0.14%"
"Jan 16, 2019","109.09","108.69","109.20","108.38","0.39%"
"Jan 15, 2019","108.67","108.16","108.77","108.13","0.46%"
"Jan 14, 2019","108.17","108.47","108.56","107.97","-0.35%"
"Jan 11, 2019","108.55","108.43","108.60","108.14","0.12%"
"Jan 10, 2019","108.42","108.16","108.52","107.77","0.23%"
"Jan 09, 2019","108.17","108.75","109.00","107.97","-0.53%"
"Jan 08, 2019","108.75","108.72","109.09","108.44","0.03%"
"Jan 07, 2019","108.72","108.55","108.75","108.03","0.18%"
"Jan 04, 2019","108.53","107.67","108.59","107.51","0.80%"
"Jan 03, 2019","107.67","108.89","108.92","104.97","-1.11%"
"Jan 02, 2019","108.88","109.67","109.73","108.71","-0.77%"
"Jan 01, 2019","109.72","109.57","109.79","109.57","0.13%"
"Dec 31, 2018","109.58","110.44","110.48","109.55","-0.63%"
"Dec 28, 2018","110.28","110.97","111.06","110.14","-0.65%"
"Dec 27, 2018","111.00","111.38","111.39","110.45","-0.32%"
"Dec 26, 2018","111.36","110.31","111.42","110.14","0.98%"
"Dec 25, 2018","110.28","110.44","110.47","110.00","-0.15%"
"Dec 24, 2018","110.45","110.95","111.21","110.27","-0.69%"
"Dec 21, 2018","111.22","111.30","111.47","110.94","-0.05%"
"Dec 20, 2018","111.28","112.47","112.61","110.81","-1.07%"
"Dec 19, 2018","112.48","112.52","112.66","112.09","-0.04%"
"Dec 18, 2018","112.53","112.83","112.88","112.25","-0.27%"
"Dec 17, 2018","112.83","113.32","113.53","112.68","-0.49%"
"Dec 14, 2018","113.39","113.64","113.69","113.22","-0.22%"
"Dec 13, 2018","113.64","113.28","113.72","113.20","0.32%"
"Dec 12, 2018","113.28","113.39","113.53","113.14","-0.10%"
"Dec 11, 2018","113.39","113.33","113.47","113.00","0.04%"
"Dec 10, 2018","113.34","112.70","113.38","112.25","0.54%"
"Dec 07, 2018","112.73","112.67","112.94","112.55","0.05%"
"Dec 06, 2018","112.67","113.19","113.22","112.22","-0.46%"
"Dec 05, 2018","113.19","112.77","113.25","112.64","0.36%"
"Dec 04, 2018","112.78","113.66","113.67","112.58","-0.78%"
"Dec 03, 2018","113.67","113.47","113.86","113.38","0.18%"
"Nov 30, 2018","113.47","113.50","113.72","113.33","-0.01%"
"Nov 29, 2018","113.48","113.69","113.69","113.19","-0.18%"
"Nov 28, 2018","113.69","113.78","114.03","113.44","-0.08%"
"Nov 27, 2018","113.78","113.58","113.85","113.41","0.17%"
"Nov 26, 2018","113.59","112.94","113.64","112.86","0.57%"
"Nov 23, 2018","112.95","112.94","113.02","112.64","0.01%"
"Nov 22, 2018","112.94","113.05","113.14","112.86","-0.11%"
"Nov 21, 2018","113.06","112.77","113.14","112.61","0.26%"
"Nov 20, 2018","112.77","112.56","112.84","112.31","0.19%"
"Nov 19, 2018","112.56","112.83","112.89","112.42","-0.24%"
"Nov 16, 2018","112.83","113.64","113.66","112.64","-0.71%"
"Nov 15, 2018","113.64","113.62","113.72","113.11","0.02%"
"Nov 14, 2018","113.62","113.81","114.02","113.30","-0.17%"
"Nov 13, 2018","113.81","113.83","114.15","113.57","-0.02%"
"Nov 12, 2018","113.83","113.83","114.20","113.66","0.00%"
"Nov 09, 2018","113.83","114.06","114.09","113.64","-0.20%"
"Nov 08, 2018","114.06","113.52","114.08","113.47","0.47%"
"Nov 07, 2018","113.53","113.44","113.83","112.94","0.08%"
"Nov 06, 2018","113.44","113.20","113.50","113.11","0.22%"
"Nov 05, 2018","113.19","113.19","113.34","113.06","-0.01%"
"Nov 02, 2018","113.20","112.72","113.33","112.58","0.43%"
"Nov 01, 2018","112.72","112.94","113.00","112.61","-0.19%"
"Oct 31, 2018","112.94","113.13","113.39","112.80","-0.13%"
"Oct 30, 2018","113.09","112.38","113.11","112.28","0.63%"
"Oct 29, 2018","112.38","111.92","112.56","111.78","0.42%"
"Oct 26, 2018","111.91","112.39","112.45","111.38","-0.45%"
"Oct 25, 2018","112.42","112.25","112.69","111.83","0.14%"
"Oct 24, 2018","112.26","112.43","112.75","112.09","-0.16%"
"Oct 23, 2018","112.44","112.83","112.86","111.94","-0.35%"
"Oct 22, 2018","112.83","112.50","112.91","112.36","0.25%"
"Oct 19, 2018","112.55","112.21","112.65","112.12","0.32%"
"Oct 18, 2018","112.19","112.64","112.73","111.97","-0.41%"
"Oct 17, 2018","112.65","112.26","112.68","111.99","0.36%"
"Oct 16, 2018","112.25","111.77","112.33","111.72","0.42%"
"Oct 15, 2018","111.78","112.11","112.27","111.62","-0.37%"
"Oct 12, 2018","112.20","112.17","112.50","111.89","0.03%"
"Oct 11, 2018","112.17","112.27","112.53","111.83","-0.10%"
"Oct 10, 2018","112.28","112.95","113.28","112.23","-0.59%"
"Oct 09, 2018","112.95","113.22","113.41","112.88","-0.25%"
"Oct 08, 2018","113.23","113.69","113.94","112.81","-0.43%"
"Oct 05, 2018","113.72","113.90","114.11","113.55","-0.18%"
"Oct 04, 2018","113.92","114.55","114.56","113.64","-0.53%"
"Oct 03, 2018","114.53","113.64","114.55","113.52","0.76%"
"Oct 02, 2018","113.67","113.92","114.02","113.51","-0.22%"
"Oct 01, 2018","113.92","113.69","114.08","113.67","0.20%"
"Sep 28, 2018","113.69","113.38","113.72","113.31","0.27%"
"Sep 27, 2018","113.38","112.75","113.47","112.55","0.58%"
"Sep 26, 2018","112.73","112.97","113.14","112.62","-0.21%"
"Sep 25, 2018","112.97","112.80","112.97","112.72","0.14%"
"Sep 24, 2018","112.81","112.58","112.84","112.28","0.20%"
"Sep 21, 2018","112.58","112.48","112.89","112.42","0.07%"
"Sep 20, 2018","112.50","112.28","112.59","112.03","0.20%"
"Sep 19, 2018","112.28","112.36","112.45","112.17","-0.07%"
"Sep 18, 2018","112.36","111.86","112.39","111.67","0.46%"
"Sep 17, 2018","111.84","111.95","112.14","111.75","-0.20%"
"Sep 14, 2018","112.06","111.92","112.17","111.75","0.13%"
"Sep 13, 2018","111.92","111.25","112.00","111.14","0.58%"
"Sep 12, 2018","111.27","111.64","111.66","111.12","-0.33%"
"Sep 11, 2018","111.64","111.12","111.66","111.06","0.47%"
"Sep 10, 2018","111.12","110.97","111.25","110.86","0.04%"
"Sep 07, 2018","111.08","110.77","111.27","110.39","0.30%"
"Sep 06, 2018","110.75","111.53","111.55","110.53","-0.70%"
"Sep 05, 2018","111.53","111.45","111.76","111.37","0.07%"
"Sep 04, 2018","111.45","111.06","111.55","110.91","0.33%"
"Sep 03, 2018","111.08","111.08","111.19","110.85","0.04%"
"Aug 31, 2018","111.04","110.99","111.15","110.68","0.05%"
"Aug 30, 2018","110.98","111.69","111.78","110.95","-0.62%"
"Aug 29, 2018","111.67","111.20","111.84","111.11","0.43%"
"Aug 28, 2018","111.19","111.08","111.36","110.95","0.10%"
"Aug 27, 2018","111.08","111.25","111.36","110.92","-0.13%"
"Aug 24, 2018","111.23","111.28","111.50","111.11","-0.06%"
"Aug 23, 2018","111.30","110.55","111.33","110.52","0.67%"
"Aug 22, 2018","110.56","110.30","110.62","110.03","0.23%"
"Aug 21, 2018","110.31","110.06","110.56","109.78","0.22%"
"Aug 20, 2018","110.07","110.52","110.69","110.02","-0.39%"
"Aug 17, 2018","110.50","110.89","111.06","110.31","-0.35%"
"Aug 16, 2018","110.89","110.75","111.12","110.47","0.13%"
"Aug 15, 2018","110.75","111.14","111.44","110.42","-0.37%"
"Aug 14, 2018","111.16","110.69","111.33","110.59","0.39%"
"Aug 13, 2018","110.73","110.94","110.95","110.12","-0.19%"
"Aug 10, 2018","110.94","111.09","111.18","110.50","-0.13%"
"Aug 09, 2018","111.08","110.98","111.19","110.69","0.09%"
"Aug 08, 2018","110.98","111.39","111.44","110.83","-0.37%"
"Aug 07, 2018","111.39","111.41","111.48","111.00","-0.02%"
"Aug 06, 2018","111.41","111.19","111.53","111.14","0.13%"
"Aug 03, 2018","111.27","111.66","111.83","111.08","-0.35%"
"Aug 02, 2018","111.66","111.70","111.75","111.31","-0.05%"
"Aug 01, 2018","111.72","111.88","112.16","111.39","-0.14%"
"Jul 31, 2018","111.88","111.05","111.97","110.78","0.73%"
"Jul 30, 2018","111.07","111.04","111.17","110.89","0.02%"
"Jul 27, 2018","111.05","111.22","111.25","110.80","-0.15%"
"Jul 26, 2018","111.22","110.97","111.25","110.58","0.23%"
"Jul 25, 2018","110.97","111.20","111.39","110.66","-0.21%"
"Jul 24, 2018","111.20","111.35","111.52","110.96","-0.13%"
"Jul 23, 2018","111.34","111.50","111.56","110.75","-0.06%"
"Jul 20, 2018","111.41","112.46","112.63","111.39","-0.94%"
"Jul 19, 2018","112.47","112.86","113.17","112.06","-0.35%"
"Jul 18, 2018","112.86","112.89","113.16","112.72","-0.01%"
"Jul 17, 2018","112.87","112.29","112.94","112.22","0.51%"
"Jul 16, 2018","112.30","112.36","112.56","112.19","-0.07%"
"Jul 13, 2018","112.38","112.56","112.81","112.28","-0.16%"
"Jul 12, 2018","112.56","112.02","112.64","111.91","0.48%"
"Jul 11, 2018","112.02","110.98","112.19","110.77","0.92%"
"Jul 10, 2018","111.00","110.86","111.36","110.80","0.14%"
"Jul 09, 2018","110.85","110.50","110.91","110.31","0.35%"
"Jul 06, 2018","110.46","110.62","110.79","110.36","-0.14%"
"Jul 05, 2018","110.62","110.47","110.72","110.30","0.14%"
"Jul 04, 2018","110.47","110.61","110.64","110.28","-0.11%"
"Jul 03, 2018","110.59","110.91","111.14","110.50","-0.27%"
"Jul 02, 2018","110.89","110.67","111.06","110.48","0.19%"
"Jun 29, 2018","110.68","110.49","110.95","110.39","0.16%"
"Jun 28, 2018","110.50","110.25","110.66","109.97","0.22%"
"Jun 27, 2018","110.26","110.06","110.49","109.68","0.18%"
"Jun 26, 2018","110.06","109.75","110.22","109.36","0.26%"
"Jun 25, 2018","109.78","109.92","110.03","109.36","-0.17%"
"Jun 22, 2018","109.97","109.98","110.22","109.79","-0.03%"
"Jun 21, 2018","110.00","110.36","110.77","109.83","-0.33%"
"Jun 20, 2018","110.36","110.06","110.45","109.85","0.27%"
"Jun 19, 2018","110.06","110.56","110.58","109.55","-0.44%"
"Jun 18, 2018","110.55","110.67","110.75","110.30","-0.11%"
"Jun 15, 2018","110.67","110.62","110.92","110.39","0.04%"
"Jun 14, 2018","110.63","110.33","110.70","109.90","0.26%"
"Jun 13, 2018","110.34","110.38","110.86","110.26","-0.04%"
"Jun 12, 2018","110.38","110.03","110.50","109.98","0.32%"
"Jun 11, 2018","110.03","109.47","110.12","109.22","0.44%"
"Jun 08, 2018","109.55","109.71","109.87","109.19","-0.14%"
"Jun 07, 2018","109.70","110.19","110.22","109.48","-0.43%"
"Jun 06, 2018","110.17","109.80","110.28","109.78","0.34%"
"Jun 05, 2018","109.80","109.83","110.02","109.47","-0.01%"
"Jun 04, 2018","109.81","109.50","109.86","109.38","0.24%"
"Jun 01, 2018","109.55","108.81","109.75","108.72","0.67%"
"May 31, 2018","108.82","108.90","109.01","108.38","-0.08%"
"May 30, 2018","108.91","108.75","109.08","108.33","0.13%"
"May 29, 2018","108.77","109.42","109.47","108.11","-0.59%"
"May 28, 2018","109.42","109.56","109.83","109.23","0.03%"
"May 25, 2018","109.39","109.25","109.75","109.11","0.13%"
"May 24, 2018","109.25","110.08","110.11","108.95","-0.75%"
"May 23, 2018","110.08","110.90","110.93","109.54","-0.73%"
"May 22, 2018","110.89","111.06","111.19","110.80","-0.15%"
"May 21, 2018","111.06","110.72","111.41","110.72","0.28%"
"May 18, 2018","110.75","110.78","111.08","110.61","-0.02%"
"May 17, 2018","110.77","110.39","110.86","110.06","0.34%"
"May 16, 2018","110.39","110.34","110.41","110.02","0.04%"
"May 15, 2018","110.35","109.66","110.46","109.65","0.63%"
"May 14, 2018","109.66","109.39","109.67","109.20","0.25%"
"May 11, 2018","109.39","109.41","109.58","109.14","0.00%"
"May 10, 2018","109.39","109.75","110.03","109.31","-0.33%"
"May 09, 2018","109.75","109.11","109.83","108.97","0.58%"
"May 08, 2018","109.12","109.08","109.36","108.83","0.03%"
"May 07, 2018","109.09","109.12","109.41","108.75","-0.03%"
"May 04, 2018","109.12","109.19","109.28","108.64","-0.06%"
"May 03, 2018","109.19","109.83","109.89","108.94","-0.59%"
"May 02, 2018","109.84","109.86","110.03","109.58","-0.02%"
"May 01, 2018","109.86","109.34","109.89","109.23","0.48%"
"Apr 30, 2018","109.33","109.00","109.45","109.00","0.26%"
"Apr 27, 2018","109.05","109.31","109.55","108.97","-0.24%"
"Apr 26, 2018","109.31","109.42","109.47","109.06","-0.10%"
"Apr 25, 2018","109.42","108.81","109.47","108.80","0.55%"
"Apr 24, 2018","108.82","108.70","109.20","108.54","0.10%"
"Apr 23, 2018","108.71","107.63","108.76","107.63","0.97%"
"Apr 20, 2018","107.67","107.38","107.86","107.36","0.27%"
"Apr 19, 2018","107.38","107.23","107.53","107.17","0.14%"
"Apr 18, 2018","107.23","106.98","107.39","106.98","0.21%"
"Apr 17, 2018","107.00","107.12","107.22","106.86","-0.10%"
"Apr 16, 2018","107.11","107.38","107.62","107.03","-0.21%"
"Apr 13, 2018","107.34","107.33","107.78","107.19","0.01%"
"Apr 12, 2018","107.33","106.80","107.44","106.69","0.50%"
"Apr 11, 2018","106.80","107.20","107.25","106.64","-0.37%"
"Apr 10, 2018","107.20","106.81","107.41","106.61","0.40%"
"Apr 09, 2018","106.77","106.92","107.22","106.61","-0.15%"
"Apr 06, 2018","106.93","107.39","107.47","106.78","-0.42%"
"Apr 05, 2018","107.38","106.77","107.50","106.71","0.56%"
"Apr 04, 2018","106.78","106.61","106.85","105.98","0.16%"
"Apr 03, 2018","106.61","105.89","106.67","105.69","0.68%"
"Apr 02, 2018","105.89","106.25","106.45","105.66","-0.37%"
"Mar 30, 2018","106.28","106.42","106.55","106.11","-0.14%"
"Mar 29, 2018","106.43","106.85","106.93","106.25","-0.40%"
"Mar 28, 2018","106.86","105.33","107.02","105.31","1.44%"
"Mar 27, 2018","105.34","105.41","105.92","105.33","-0.07%"
"Mar 26, 2018","105.41","104.73","105.49","104.56","0.64%"
"Mar 23, 2018","104.74","105.29","105.36","104.64","-0.51%"
"Mar 22, 2018","105.28","106.06","106.09","105.25","-0.74%"
"Mar 21, 2018","106.06","106.53","106.64","105.88","-0.44%"
"Mar 20, 2018","106.53","106.08","106.61","105.92","0.41%"
"Mar 19, 2018","106.09","105.95","106.31","105.67","0.07%"
"Mar 16, 2018","106.02","106.34","106.39","105.61","-0.30%"
"Mar 15, 2018","106.34","106.33","106.42","105.78","0.01%"
"Mar 14, 2018","106.33","106.56","106.75","106.05","-0.23%"
"Mar 13, 2018","106.58","106.42","107.31","106.25","0.15%"
"Mar 12, 2018","106.42","106.81","106.97","106.31","-0.36%"
"Mar 09, 2018","106.80","106.25","107.06","106.16","0.56%"
"Mar 08, 2018","106.20","106.06","106.31","105.88","0.11%"
"Mar 07, 2018","106.08","106.12","106.22","105.44","-0.04%"
"Mar 06, 2018","106.12","106.20","106.47","105.84","-0.08%"
"Mar 05, 2018","106.20","105.69","106.25","105.36","0.43%"
"Mar 02, 2018","105.75","106.23","106.31","105.25","-0.46%"
"Mar 01, 2018","106.24","106.67","107.20","106.16","-0.40%"
"Feb 28, 2018","106.67","107.33","107.53","106.55","-0.61%"
"Feb 27, 2018","107.33","106.94","107.69","106.78","0.36%"
"Feb 26, 2018","106.94","106.84","107.30","106.38","0.05%"
"Feb 23, 2018","106.89","106.75","107.14","106.48","0.13%"
"Feb 22, 2018","106.75","107.78","107.81","106.59","-0.96%"
"Feb 21, 2018","107.78","107.33","107.92","107.27","0.42%"
"Feb 20, 2018","107.33","106.61","107.39","106.56","0.68%"
"Feb 19, 2018","106.60","106.33","106.73","106.09","0.27%"
"Feb 16, 2018","106.31","106.14","106.41","105.53","0.18%"
"Feb 15, 2018","106.12","107.00","107.03","106.03","-0.84%"
"Feb 14, 2018","107.02","107.83","107.91","106.72","-0.75%"
"Feb 13, 2018","107.83","108.64","108.78","107.39","-0.76%"
"Feb 12, 2018","108.66","108.81","108.95","108.44","-0.13%"
"Feb 09, 2018","108.80","108.75","109.31","108.05","0.05%"
"Feb 08, 2018","108.75","109.31","109.78","108.58","-0.53%"
"Feb 07, 2018","109.33","109.56","109.72","108.92","-0.21%"
"Feb 06, 2018","109.56","109.08","109.66","108.44","0.41%"
"Feb 05, 2018","109.11","110.11","110.31","108.98","-0.91%"
"Feb 02, 2018","110.11","109.41","110.48","109.28","0.64%"
"Feb 01, 2018","109.41","109.19","109.75","109.09","0.20%"
"Jan 31, 2018","109.19","108.78","109.45","108.58","0.38%"
"Jan 30, 2018","108.78","108.97","109.22","108.42","-0.16%"
"Jan 29, 2018","108.95","108.69","109.20","108.50","0.21%"
"Jan 26, 2018","108.72","109.42","109.78","108.28","-0.63%"
"Jan 25, 2018","109.41","109.22","109.70","108.50","0.17%"
"Jan 24, 2018","109.22","110.31","110.34","108.97","-0.99%"
"Jan 23, 2018","110.31","110.92","111.19","110.25","-0.55%"
"Jan 22, 2018","110.92","110.62","111.23","110.52","0.13%"
"Jan 19, 2018","110.78","111.11","111.14","110.50","-0.30%"
"Jan 18, 2018","111.11","111.30","111.50","110.70","-0.15%"
"Jan 17, 2018","111.28","110.44","111.34","110.19","0.75%"
"Jan 16, 2018","110.45","110.55","110.98","110.25","-0.08%"
"Jan 15, 2018","110.54","111.07","111.20","110.32","-0.45%"
"Jan 12, 2018","111.04","111.26","111.70","110.91","-0.19%"
"Jan 11, 2018","111.25","111.44","111.89","111.05","-0.17%"
"Jan 10, 2018","111.44","112.66","112.78","111.28","-1.08%"
"Jan 09, 2018","112.66","113.11","113.19","112.36","-0.38%"
"Jan 08, 2018","113.09","113.06","113.39","112.89","0.01%"
"Jan 05, 2018","113.08","112.75","113.32","112.72","0.29%"
"Jan 04, 2018","112.75","112.50","112.87","112.46","0.22%"
"Jan 03, 2018","112.50","112.30","112.61","112.17","0.18%"
"Jan 02, 2018","112.30","112.67","112.80","112.06","-0.32%"
"Jan 01, 2018","112.66","112.67","112.69","112.64","-0.03%"
"Dec 29, 2017","112.69","112.88","112.98","112.47","-0.18%"
"Dec 28, 2017","112.89","113.36","113.36","112.67","-0.41%"
"Dec 27, 2017","113.36","113.25","113.39","113.14","0.11%"
"Dec 26, 2017","113.23","113.28","113.36","113.12","-0.04%"
"Dec 25, 2017","113.28","113.33","113.38","113.22","0.01%"
"Dec 22, 2017","113.27","113.32","113.45","113.25","-0.05%"
"Dec 21, 2017","113.33","113.41","113.64","113.20","-0.05%"
"Dec 20, 2017","113.39","112.89","113.47","112.84","0.44%"
"Dec 19, 2017","112.89","112.54","113.08","112.51","0.30%"
"Dec 18, 2017","112.55","112.64","112.85","112.32","-0.03%"
"Dec 15, 2017","112.58","112.39","112.75","112.03","0.17%"
"Dec 14, 2017","112.39","112.53","112.88","112.06","-0.14%"
"Dec 13, 2017","112.55","113.56","113.58","112.47","-0.88%"
"Dec 12, 2017","113.55","113.58","113.75","113.38","-0.01%"
"Dec 11, 2017","113.56","113.48","113.69","113.24","0.07%"
"Dec 08, 2017","113.48","113.08","113.58","113.06","0.35%"
"Dec 07, 2017","113.08","112.28","113.16","112.20","0.69%"
"Dec 06, 2017","112.30","112.59","112.67","112.00","-0.26%"
"Dec 05, 2017","112.59","112.41","112.88","112.38","0.15%"
"Dec 04, 2017","112.42","112.41","113.09","112.36","0.28%"
"Dec 01, 2017","112.11","112.53","112.88","111.42","-0.37%"
"Nov 30, 2017","112.53","111.92","112.64","111.72","0.54%"
"Nov 29, 2017","111.93","111.48","112.15","111.37","0.40%"
"Nov 28, 2017","111.48","111.09","111.64","110.94","0.35%"
"Nov 27, 2017","111.09","111.41","111.69","110.83","-0.41%"
"Nov 24, 2017","111.55","111.22","111.64","111.19","0.30%"
"Nov 23, 2017","111.22","111.21","111.38","111.06","0.00%"
"Nov 22, 2017","111.22","112.45","112.50","111.14","-1.09%"
"Nov 21, 2017","112.44","112.62","112.72","112.17","-0.16%"
"Nov 20, 2017","112.62","112.08","112.72","111.88","0.48%"
"Nov 17, 2017","112.08","113.05","113.16","111.94","-0.87%"
"Nov 16, 2017","113.06","112.88","113.34","112.73","0.16%"
"Nov 15, 2017","112.88","113.47","113.50","112.47","-0.50%"
"Nov 14, 2017","113.45","113.62","113.92","113.31","-0.15%"
"Nov 13, 2017","113.62","113.52","113.72","113.25","0.08%"
"Nov 10, 2017","113.53","113.47","113.64","113.20","0.05%"
"Nov 09, 2017","113.47","113.86","114.08","113.09","-0.36%"
"Nov 08, 2017","113.88","114.00","114.05","113.39","-0.12%"
"Nov 07, 2017","114.02","113.70","114.34","113.69","0.28%"
"Nov 06, 2017","113.70","114.00","114.74","113.70","-0.33%"
"Nov 03, 2017","114.08","114.08","114.44","113.66","-0.01%"
"Nov 02, 2017","114.09","114.17","114.22","113.53","-0.07%"
"Nov 01, 2017","114.17","113.64","114.30","113.61","0.47%"
"Oct 31, 2017","113.64","113.17","113.73","112.97","0.40%"
"Oct 30, 2017","113.19","113.73","113.84","113.03","-0.44%"
"Oct 27, 2017","113.69","113.98","114.45","113.64","-0.25%"
"Oct 26, 2017","113.98","113.75","114.08","113.34","0.20%"
"Oct 25, 2017","113.75","113.92","114.25","113.48","-0.13%"
"Oct 24, 2017","113.90","113.43","114.01","113.25","0.41%"
"Oct 23, 2017","113.44","113.69","114.11","113.25","-0.07%"
"Oct 20, 2017","113.52","112.53","113.58","112.52","0.86%"
"Oct 19, 2017","112.55","112.94","113.16","112.31","-0.35%"
"Oct 18, 2017","112.94","112.20","113.06","112.14","0.66%"
"Oct 17, 2017","112.20","112.19","112.48","112.03","0.01%"
"Oct 16, 2017","112.19","111.85","112.29","111.65","0.30%"
"Oct 13, 2017","111.86","112.28","112.33","111.69","-0.37%"
"Oct 12, 2017","112.28","112.50","112.53","112.12","-0.20%"
"Oct 11, 2017","112.50","112.45","112.59","112.08","0.04%"
"Oct 10, 2017","112.45","112.67","112.83","112.00","-0.20%"
"Oct 09, 2017","112.67","112.69","112.75","112.32","0.03%"
"Oct 06, 2017","112.64","112.81","113.44","112.61","-0.16%"
"Oct 05, 2017","112.82","112.75","112.92","112.41","0.06%"
"Oct 04, 2017","112.75","112.86","112.94","112.33","-0.10%"
"Oct 03, 2017","112.86","112.75","113.20","112.64","0.08%"
"Oct 02, 2017","112.77","112.56","113.06","112.44","0.25%"
"Sep 29, 2017","112.49","112.35","112.74","112.21","0.13%"
"Sep 28, 2017","112.34","112.86","113.20","112.25","-0.43%"
"Sep 27, 2017","112.83","112.25","113.27","112.21","0.53%"
"Sep 26, 2017","112.23","111.73","112.48","111.50","0.45%"
"Sep 25, 2017","111.73","111.98","112.53","111.47","-0.22%"
"Sep 22, 2017","111.98","112.47","112.56","111.66","-0.44%"
"Sep 21, 2017","112.47","112.21","112.72","112.13","0.22%"
"Sep 20, 2017","112.22","111.58","112.53","111.11","0.56%"
"Sep 19, 2017","111.59","111.56","111.89","111.19","0.02%"
"Sep 18, 2017","111.57","110.88","111.67","110.88","0.66%"
"Sep 15, 2017","110.84","110.22","111.33","109.55","0.55%"
"Sep 14, 2017","110.23","110.48","111.03","110.08","-0.23%"
"Sep 13, 2017","110.48","110.19","110.70","109.92","0.28%"
"Sep 12, 2017","110.17","109.42","110.27","109.25","0.69%"
"Sep 11, 2017","109.41","108.20","109.52","108.14","1.46%"
"Sep 08, 2017","107.84","108.45","108.50","107.33","-0.56%"
"Sep 07, 2017","108.45","109.23","109.28","108.06","-0.71%"
"Sep 06, 2017","109.23","108.81","109.41","108.45","0.39%"
"Sep 05, 2017","108.81","109.73","109.84","108.64","-0.85%"
"Sep 04, 2017","109.74","109.40","109.94","109.31","-0.48%"
"Sep 01, 2017","110.27","109.97","110.42","109.56","0.27%"
"Aug 31, 2017","109.97","110.25","110.67","109.89","-0.24%"
"Aug 30, 2017","110.23","109.75","110.44","109.53","0.44%"
"Aug 29, 2017","109.75","109.27","109.91","108.27","0.46%"
"Aug 28, 2017","109.25","109.26","109.42","109.03","-0.10%"
"Aug 25, 2017","109.36","109.56","109.86","109.11","-0.18%"
"Aug 24, 2017","109.56","109.06","109.61","108.83","0.49%"
"Aug 23, 2017","109.03","109.56","109.83","108.92","-0.49%"
"Aug 22, 2017","109.57","108.97","109.65","108.87","0.54%"
"Aug 21, 2017","108.98","109.34","109.43","108.62","-0.19%"
"Aug 18, 2017","109.19","109.58","109.61","108.61","-0.35%"
"Aug 17, 2017","109.57","110.20","110.37","109.43","-0.56%"
"Aug 16, 2017","110.19","110.67","110.95","110.02","-0.43%"
"Aug 15, 2017","110.67","109.64","110.86","109.59","0.94%"
"Aug 14, 2017","109.64","109.06","109.81","109.03","0.41%"
"Aug 11, 2017","109.19","109.22","109.44","108.77","-0.03%"
"Aug 10, 2017","109.22","110.08","110.19","109.14","-0.78%"
"Aug 09, 2017","110.08","110.31","110.39","109.56","-0.21%"
"Aug 08, 2017","110.31","110.73","110.83","110.23","-0.40%"
"Aug 07, 2017","110.75","110.61","110.92","110.61","0.05%"
"Aug 04, 2017","110.69","110.03","111.06","109.83","0.58%"
"Aug 03, 2017","110.05","110.72","110.84","109.86","-0.61%"
"Aug 02, 2017","110.73","110.36","111.00","110.28","0.34%"
"Aug 01, 2017","110.36","110.25","110.59","109.92","0.10%"
"Jul 31, 2017","110.25","110.64","110.78","110.19","-0.38%"
"Jul 28, 2017","110.67","111.28","111.34","110.55","-0.52%"
"Jul 27, 2017","111.25","111.18","111.73","110.78","0.07%"
"Jul 26, 2017","111.17","111.89","112.20","111.06","-0.64%"
"Jul 25, 2017","111.89","111.08","111.96","110.81","0.70%"
"Jul 24, 2017","111.11","111.06","111.31","110.61","-0.01%"
"Jul 21, 2017","111.12","111.92","112.09","111.00","-0.71%"
"Jul 20, 2017","111.91","111.98","112.43","111.48","-0.05%"
"Jul 19, 2017","111.97","112.08","112.25","111.56","-0.10%"
"Jul 18, 2017","112.08","112.62","112.72","111.67","-0.50%"
"Jul 17, 2017","112.64","112.50","112.88","112.31","0.10%"
"Jul 14, 2017","112.53","113.29","113.60","112.27","-0.66%"
"Jul 13, 2017","113.28","113.16","113.53","112.86","0.11%"
"Jul 12, 2017","113.16","113.94","113.98","112.92","-0.68%"
"Jul 11, 2017","113.94","114.05","114.51","113.72","-0.09%"
"Jul 10, 2017","114.04","113.97","114.30","113.85","0.13%"
"Jul 07, 2017","113.89","113.19","114.19","113.08","0.59%"
"Jul 06, 2017","113.22","113.27","113.48","112.89","-0.04%"
"Jul 05, 2017","113.27","113.28","113.69","112.81","-0.01%"
"Jul 04, 2017","113.28","113.38","113.48","112.73","-0.10%"
"Jul 03, 2017","113.39","112.14","113.48","111.94","0.90%"
"Jun 30, 2017","112.38","112.19","112.62","111.74","0.18%"
"Jun 29, 2017","112.18","112.31","112.94","111.81","-0.11%"
"Jun 28, 2017","112.30","112.36","112.43","111.83","-0.05%"
"Jun 27, 2017","112.36","111.88","112.47","111.45","0.46%"
"Jun 26, 2017","111.84","111.11","111.94","111.11","0.49%"
"Jun 23, 2017","111.29","111.35","111.45","111.16","-0.04%"
"Jun 22, 2017","111.33","111.35","111.45","110.93","-0.04%"
"Jun 21, 2017","111.38","111.45","111.73","111.05","-0.05%"
"Jun 20, 2017","111.44","111.53","111.81","111.31","-0.08%"
"Jun 19, 2017","111.53","110.83","111.61","110.75","0.60%"
"Jun 16, 2017","110.86","110.92","111.44","110.64","-0.07%"
"Jun 15, 2017","110.94","109.56","111.00","109.28","1.24%"
"Jun 14, 2017","109.58","110.06","110.36","108.83","-0.45%"
"Jun 13, 2017","110.07","109.95","110.28","109.82","0.12%"
"Jun 12, 2017","109.94","110.36","110.44","109.61","-0.36%"
"Jun 09, 2017","110.34","110.00","110.81","109.75","0.31%"
"Jun 08, 2017","110.00","109.83","110.42","109.39","0.17%"
"Jun 07, 2017","109.81","109.44","109.91","109.11","0.37%"
"Jun 06, 2017","109.41","110.44","110.52","109.20","-0.96%"
"Jun 05, 2017","110.47","110.36","110.73","110.25","0.05%"
"Jun 02, 2017","110.42","111.34","111.72","110.31","-0.84%"
"Jun 01, 2017","111.36","110.77","111.48","110.67","0.52%"
"May 31, 2017","110.78","110.86","111.25","110.47","-0.06%"
"May 30, 2017","110.85","111.27","111.35","110.67","-0.37%"
"May 29, 2017","111.26","111.32","111.48","111.16","-0.07%"
"May 26, 2017","111.34","111.86","111.89","110.89","-0.44%"
"May 25, 2017","111.83","111.48","111.95","111.47","0.30%"
"May 24, 2017","111.50","111.76","112.12","111.46","-0.25%"
"May 23, 2017","111.78","111.31","111.86","110.86","0.43%"
"May 22, 2017","111.30","111.33","111.62","110.89","0.02%"
"May 19, 2017","111.28","111.48","111.70","111.03","-0.20%"
"May 18, 2017","111.50","110.83","111.73","110.23","0.61%"
"May 17, 2017","110.82","113.13","113.14","110.78","-2.03%"
"May 16, 2017","113.12","113.78","113.80","112.91","-0.58%"
"May 15, 2017","113.78","113.19","113.86","113.11","0.39%"
"May 12, 2017","113.34","113.86","113.97","113.19","-0.46%"
"May 11, 2017","113.86","114.31","114.39","113.47","-0.37%"
"May 10, 2017","114.28","113.98","114.36","113.62","0.26%"
"May 09, 2017","113.98","113.25","114.33","113.11","0.64%"
"May 08, 2017","113.25","112.98","113.31","112.38","0.47%"
"May 05, 2017","112.72","112.45","112.83","112.08","0.23%"
"May 04, 2017","112.46","112.74","113.05","112.30","-0.26%"
"May 03, 2017","112.75","112.00","112.80","111.95","0.69%"
"May 02, 2017","111.98","111.86","112.33","111.78","0.13%"
"May 01, 2017","111.84","111.30","111.93","111.19","0.26%"
"Apr 28, 2017","111.55","111.25","111.72","111.06","0.25%"
"Apr 27, 2017","111.27","111.06","111.61","111.00","0.19%"
"Apr 26, 2017","111.06","111.11","111.80","110.88","-0.03%"
"Apr 25, 2017","111.09","109.77","111.19","109.58","1.20%"
"Apr 24, 2017","109.77","110.25","110.64","109.64","0.63%"
"Apr 21, 2017","109.08","109.33","109.44","108.86","-0.22%"
"Apr 20, 2017","109.32","108.85","109.49","108.70","0.42%"
"Apr 19, 2017","108.86","108.42","109.19","108.36","0.41%"
"Apr 18, 2017","108.42","108.92","109.23","108.31","-0.45%"
"Apr 17, 2017","108.91","108.67","109.06","108.12","0.25%"
"Apr 14, 2017","108.64","109.09","109.25","108.55","-0.41%"
"Apr 13, 2017","109.09","109.02","109.41","108.72","0.06%"
"Apr 12, 2017","109.03","109.63","109.89","108.96","-0.54%"
"Apr 11, 2017","109.62","110.94","110.97","109.60","-1.19%"
"Apr 10, 2017","110.94","111.09","111.58","110.78","-0.12%"
"Apr 07, 2017","111.07","110.81","111.38","110.13","0.23%"
"Apr 06, 2017","110.81","110.69","111.14","110.28","0.10%"
"Apr 05, 2017","110.70","110.77","111.47","110.53","-0.05%"
"Apr 04, 2017","110.75","110.89","110.97","110.27","-0.13%"
"Apr 03, 2017","110.89","111.41","111.61","110.84","-0.45%"
"Mar 31, 2017","111.39","111.92","112.20","111.22","-0.47%"
"Mar 30, 2017","111.92","111.06","111.97","110.94","0.78%"
"Mar 29, 2017","111.05","111.14","111.33","110.70","-0.10%"
"Mar 28, 2017","111.16","110.69","111.22","110.19","0.45%"
"Mar 27, 2017","110.66","111.23","111.27","110.10","-0.61%"
"Mar 24, 2017","111.34","110.94","111.50","110.61","0.36%"
"Mar 23, 2017","110.94","111.17","111.58","110.61","-0.20%"
"Mar 22, 2017","111.16","111.70","111.81","110.72","-0.50%"
"Mar 21, 2017","111.72","112.55","112.88","111.55","-0.75%"
"Mar 20, 2017","112.56","112.69","112.89","112.44","-0.14%"
"Mar 17, 2017","112.72","113.31","113.50","112.55","-0.52%"
"Mar 16, 2017","113.31","113.36","113.56","112.91","-0.06%"
"Mar 15, 2017","113.38","114.75","114.91","113.18","-1.19%"
"Mar 14, 2017","114.75","114.88","115.20","114.50","-0.11%"
"Mar 13, 2017","114.88","114.81","114.93","114.47","0.11%"
"Mar 10, 2017","114.75","114.94","115.51","114.63","-0.17%"
"Mar 09, 2017","114.94","114.38","115.03","114.33","0.52%"
"Mar 08, 2017","114.35","113.99","114.77","113.61","0.32%"
"Mar 07, 2017","113.98","113.89","114.17","113.72","0.08%"
"Mar 06, 2017","113.89","114.02","114.14","113.55","-0.11%"
"Mar 03, 2017","114.02","114.42","114.77","113.83","-0.34%"
"Mar 02, 2017","114.41","113.75","114.61","113.69","0.60%"
"Mar 01, 2017","113.73","112.78","114.06","112.73","0.84%"
"Feb 28, 2017","112.78","112.72","112.91","111.70","0.07%"
"Feb 27, 2017","112.70","112.11","112.86","111.92","0.45%"
"Feb 24, 2017","112.19","112.61","112.96","111.92","-0.36%"
"Feb 23, 2017","112.59","113.31","113.47","112.56","-0.63%"
"Feb 22, 2017","113.30","113.72","113.75","112.91","-0.34%"
"Feb 21, 2017","113.69","113.08","113.78","113.08","0.52%"
"Feb 20, 2017","113.10","112.86","113.26","112.78","0.19%"
"Feb 17, 2017","112.88","113.25","113.53","112.61","-0.31%"
"Feb 16, 2017","113.23","114.17","114.36","113.09","-0.82%"
"Feb 15, 2017","114.17","114.23","114.97","113.84","-0.08%"
"Feb 14, 2017","114.26","113.73","114.50","113.22","0.45%"
"Feb 13, 2017","113.75","113.33","114.17","113.28","0.47%"
"Feb 10, 2017","113.22","113.25","113.88","112.86","-0.03%"
"Feb 09, 2017","113.25","111.97","113.38","111.73","1.17%"
"Feb 08, 2017","111.94","112.36","112.55","111.61","-0.40%"
"Feb 07, 2017","112.39","111.75","112.58","111.58","0.57%"
"Feb 06, 2017","111.75","112.42","112.81","111.64","-0.84%"
"Feb 03, 2017","112.70","112.78","113.45","112.28","-0.10%"
"Feb 02, 2017","112.81","113.25","113.36","112.03","-0.39%"
"Feb 01, 2017","113.25","112.81","113.97","112.62","0.40%"
"Jan 31, 2017","112.80","113.75","113.97","112.06","-0.86%"
"Jan 30, 2017","113.78","115.09","115.14","113.44","-1.13%"
"Jan 27, 2017","115.08","114.53","115.39","114.39","0.48%"
"Jan 26, 2017","114.53","113.28","114.86","113.03","1.10%"
"Jan 25, 2017","113.28","113.78","114.00","113.03","-0.46%"
"Jan 24, 2017","113.80","112.70","113.91","112.50","0.98%"
"Jan 23, 2017","112.70","114.37","114.45","112.68","-1.68%"
"Jan 20, 2017","114.62","114.88","115.41","114.22","-0.22%"
"Jan 19, 2017","114.87","114.63","115.62","114.38","0.17%"
"Jan 18, 2017","114.67","112.61","114.77","112.56","1.80%"
"Jan 17, 2017","112.64","114.19","114.30","112.59","-1.37%"
"Jan 16, 2017","114.20","114.55","114.55","113.67","-0.29%"
"Jan 13, 2017","114.53","114.72","115.46","114.20","-0.17%"
"Jan 12, 2017","114.72","115.42","115.53","113.75","-0.60%"
"Jan 11, 2017","115.41","115.78","116.86","114.24","-0.31%"
"Jan 10, 2017","115.77","116.02","116.35","115.19","-0.22%"
"Jan 09, 2017","116.03","116.91","117.53","115.97","-0.76%"
"Jan 06, 2017","116.92","115.36","117.19","115.06","1.35%"
"Jan 05, 2017","115.36","117.25","117.44","115.22","-1.63%"
"Jan 04, 2017","117.27","117.77","118.19","117.05","-0.41%"
"Jan 03, 2017","117.75","117.55","118.61","117.20","0.19%"
"Jan 02, 2017","117.53","116.92","117.69","116.72","0.55%"
"Dec 30, 2016","116.89","116.56","117.22","116.05","0.29%"
"Dec 29, 2016","116.55","117.25","117.27","116.20","-0.60%"
"Dec 28, 2016","117.25","117.41","117.83","117.05","-0.14%"
"Dec 27, 2016","117.42","117.09","117.64","117.08","0.28%"
"Dec 26, 2016","117.09","117.38","117.40","116.99","-0.22%"
"Dec 23, 2016","117.35","117.55","117.67","117.18","-0.16%"
"Dec 22, 2016","117.54","117.58","117.90","117.26","-0.01%"
"Dec 21, 2016","117.55","117.84","118.07","117.08","-0.28%"
"Dec 20, 2016","117.88","117.11","118.28","116.99","0.68%"
"Dec 19, 2016","117.08","117.89","118.03","116.53","-0.77%"
"Dec 16, 2016","117.99","118.18","118.43","117.45","-0.15%"
"Dec 15, 2016","118.17","117.05","118.67","116.97","0.96%"
"Dec 14, 2016","117.05","115.17","117.39","114.75","1.61%"
"Dec 13, 2016","115.19","115.03","115.50","114.73","0.14%"
"Dec 12, 2016","115.03","115.22","116.12","114.83","-0.32%"
"Dec 09, 2016","115.40","114.04","115.40","114.00","1.20%"
"Dec 08, 2016","114.03","113.73","114.39","113.14","0.23%"
"Dec 07, 2016","113.77","114.00","114.41","113.39","-0.22%"
"Dec 06, 2016","114.02","113.88","114.22","113.50","0.16%"
"Dec 05, 2016","113.84","113.55","114.80","112.86","0.23%"
"Dec 02, 2016","113.58","114.10","114.25","113.33","-0.45%"
"Dec 01, 2016","114.09","114.45","114.83","113.81","-0.33%"
"Nov 30, 2016","114.47","112.41","114.56","112.05","1.85%"
"Nov 29, 2016","112.39","111.94","113.36","111.61","0.40%"
"Nov 28, 2016","111.94","113.05","113.12","111.33","-1.01%"
"Nov 25, 2016","113.08","113.34","113.91","112.55","-0.23%"
"Nov 24, 2016","113.34","112.53","113.58","112.39","0.73%"
"Nov 23, 2016","112.52","111.11","112.98","110.83","1.26%"
"Nov 22, 2016","111.12","110.81","111.36","110.23","0.26%"
"Nov 21, 2016","110.83","110.93","111.40","110.46","-0.11%"
"Nov 18, 2016","110.95","110.13","110.98","109.80","0.76%"
"Nov 17, 2016","110.11","109.08","110.20","108.55","0.94%"
"Nov 16, 2016","109.08","109.19","109.77","108.78","-0.08%"
"Nov 15, 2016","109.17","108.42","109.36","107.77","0.69%"
"Nov 14, 2016","108.42","106.54","108.56","106.53","1.63%"
"Nov 11, 2016","106.68","106.82","106.94","106.01","-0.14%"
"Nov 10, 2016","106.83","105.67","106.95","104.97","1.10%"
"Nov 09, 2016","105.67","105.14","105.91","101.17","0.48%"
"Nov 08, 2016","105.16","104.46","105.22","104.29","0.66%"
"Nov 07, 2016","104.47","103.14","104.64","103.09","1.29%"
"Nov 04, 2016","103.14","102.98","103.37","102.83","0.16%"
"Nov 03, 2016","102.98","103.31","103.45","102.56","-0.32%"
"Nov 02, 2016","103.31","104.14","104.19","103.00","-0.82%"
"Nov 01, 2016","104.16","104.84","105.14","103.81","-0.63%"
"Oct 31, 2016","104.82","104.69","105.23","104.25","0.11%"
"Oct 28, 2016","104.70","105.28","105.55","104.47","-0.56%"
"Oct 27, 2016","105.29","104.46","105.35","104.28","0.78%"
"Oct 26, 2016","104.47","104.22","104.62","104.00","0.23%"
"Oct 25, 2016","104.23","104.18","104.88","104.10","0.04%"
"Oct 24, 2016","104.19","103.86","104.33","103.70","0.35%"
"Oct 21, 2016","103.83","103.95","104.23","103.53","-0.12%"
"Oct 20, 2016","103.95","103.44","104.11","103.33","0.49%"
"Oct 19, 2016","103.44","103.84","103.94","103.16","-0.40%"
"Oct 18, 2016","103.86","103.89","104.22","103.67","-0.03%"
"Oct 17, 2016","103.89","104.06","104.39","103.77","-0.29%"
"Oct 14, 2016","104.19","103.70","104.48","103.59","0.48%"
"Oct 13, 2016","103.69","104.22","104.64","103.33","-0.49%"
"Oct 12, 2016","104.20","103.52","104.50","103.28","0.66%"
"Oct 11, 2016","103.52","103.61","104.08","103.16","-0.09%"
"Oct 10, 2016","103.61","103.09","103.81","102.81","0.67%"
"Oct 07, 2016","102.92","103.94","104.05","102.86","-0.98%"
"Oct 06, 2016","103.94","103.50","104.17","103.33","0.43%"
"Oct 05, 2016","103.50","102.89","103.67","102.67","0.59%"
"Oct 04, 2016","102.89","101.64","102.97","101.56","1.23%"
"Oct 03, 2016","101.64","101.39","101.69","101.22","0.30%"
"Sep 30, 2016","101.34","101.03","101.77","100.75","0.31%"
"Sep 29, 2016","101.03","100.69","101.86","100.64","0.36%"
"Sep 28, 2016","100.67","100.42","100.83","100.25","0.23%"
"Sep 27, 2016","100.44","100.33","101.00","100.08","0.11%"
"Sep 26, 2016","100.33","101.05","101.11","100.23","-0.66%"
"Sep 23, 2016","101.00","100.75","101.25","100.67","0.25%"
"Sep 22, 2016","100.75","100.33","100.94","100.09","0.44%"
"Sep 21, 2016","100.31","101.72","102.81","100.31","-1.38%"
"Sep 20, 2016","101.71","101.95","102.08","101.54","-0.23%"
"Sep 19, 2016","101.94","102.22","102.42","101.58","-0.35%"
"Sep 16, 2016","102.30","102.08","102.47","101.73","0.21%"
"Sep 15, 2016","102.09","102.42","102.75","101.92","-0.32%"
"Sep 14, 2016","102.42","102.56","103.36","102.25","-0.14%"
"Sep 13, 2016","102.56","101.88","102.77","101.42","0.69%"
"Sep 12, 2016","101.86","102.69","102.80","101.56","-0.81%"
"Sep 09, 2016","102.69","102.48","103.06","101.97","0.19%"
"Sep 08, 2016","102.50","101.75","102.61","101.41","0.76%"
"Sep 07, 2016","101.73","102.03","102.14","101.20","-0.28%"
"Sep 06, 2016","102.02","103.44","103.83","101.94","-1.37%"
"Sep 05, 2016","103.44","103.95","104.14","103.14","-0.53%"
"Sep 02, 2016","103.99","103.24","104.33","102.81","0.72%"
"Sep 01, 2016","103.25","103.42","104.02","103.05","-0.16%"
"Aug 31, 2016","103.42","102.95","103.53","102.84","0.44%"
"Aug 30, 2016","102.97","101.92","103.14","101.75","1.03%"
"Aug 29, 2016","101.92","101.83","102.41","101.83","0.09%"
"Aug 26, 2016","101.83","100.53","101.94","100.08","1.29%"
"Aug 25, 2016","100.53","100.44","100.62","100.28","0.09%"
"Aug 24, 2016","100.44","100.25","100.62","100.08","0.19%"
"Aug 23, 2016","100.25","100.33","100.41","99.92","-0.08%"
"Aug 22, 2016","100.33","100.42","100.94","100.20","0.11%"
"Aug 19, 2016","100.22","99.89","100.46","99.86","0.33%"
"Aug 18, 2016","99.89","100.28","100.50","99.64","-0.38%"
"Aug 17, 2016","100.27","100.33","101.18","100.05","-0.04%"
"Aug 16, 2016","100.31","101.27","101.31","99.56","-0.93%"
"Aug 15, 2016","101.25","101.22","101.47","100.86","-0.06%"
"Aug 12, 2016","101.31","101.94","102.28","100.83","-0.63%"
"Aug 11, 2016","101.95","101.28","102.06","101.00","0.66%"
"Aug 10, 2016","101.28","101.89","101.97","100.95","-0.60%"
"Aug 09, 2016","101.89","102.44","102.53","101.77","-0.54%"
"Aug 08, 2016","102.44","101.72","102.67","101.72","0.62%"
"Aug 05, 2016","101.81","101.22","102.06","100.85","0.58%"
"Aug 04, 2016","101.22","101.25","101.67","100.86","-0.01%"
"Aug 03, 2016","101.23","100.89","101.58","100.73","0.34%"
"Aug 02, 2016","100.89","102.39","102.83","100.67","-1.46%"
"Aug 01, 2016","102.39","102.06","102.69","102.00","0.32%"
"Jul 29, 2016","102.06","105.25","105.34","101.95","-3.05%"
"Jul 28, 2016","105.27","105.41","105.53","104.53","-0.12%"
"Jul 27, 2016","105.40","104.65","106.54","104.61","0.71%"
"Jul 26, 2016","104.66","105.81","105.89","104.00","-1.06%"
"Jul 25, 2016","105.78","106.22","106.73","105.73","-0.28%"
"Jul 22, 2016","106.08","105.81","106.39","105.56","0.26%"
"Jul 21, 2016","105.81","106.86","107.48","105.42","-0.96%"
"Jul 20, 2016","106.84","106.14","107.03","105.83","0.68%"
"Jul 19, 2016","106.12","106.16","106.53","105.64","-0.04%"
"Jul 18, 2016","106.16","105.13","106.26","105.05","1.26%"
"Jul 15, 2016","104.84","105.34","106.31","104.64","-0.47%"
"Jul 14, 2016","105.34","104.50","105.95","104.00","0.80%"
"Jul 13, 2016","104.50","104.69","104.89","103.91","-0.18%"
"Jul 12, 2016","104.69","102.80","104.97","102.42","1.83%"
"Jul 11, 2016","102.81","100.44","102.91","100.44","2.25%"
"Jul 08, 2016","100.55","100.78","101.25","100.03","-0.23%"
"Jul 07, 2016","100.78","101.34","101.44","100.61","-0.54%"
"Jul 06, 2016","101.33","101.73","101.78","100.19","-0.38%"
"Jul 05, 2016","101.72","102.58","102.61","101.45","-0.82%"
"Jul 04, 2016","102.56","102.53","102.81","102.42","0.03%"
"Jul 01, 2016","102.53","103.27","103.41","102.42","-0.74%"
"Jun 30, 2016","103.29","102.84","103.33","102.36","0.45%"
"Jun 29, 2016","102.83","102.77","102.95","102.17","0.07%"
"Jun 28, 2016","102.76","102.00","102.85","101.54","0.75%"
"Jun 27, 2016","102.00","102.11","102.47","101.39","-0.22%"
"Jun 24, 2016","102.23","106.17","106.85","99.12","-3.70%"
"Jun 23, 2016","106.16","104.42","106.19","104.11","1.68%"
"Jun 22, 2016","104.41","104.75","104.86","104.31","-0.32%"
"Jun 21, 2016","104.75","103.94","105.06","103.58","0.78%"
"Jun 20, 2016","103.94","104.34","104.86","103.78","-0.17%"
"Jun 17, 2016","104.12","104.28","104.84","104.09","-0.12%"
"Jun 16, 2016","104.25","106.00","106.03","103.58","-1.67%"
"Jun 15, 2016","106.02","106.11","106.39","105.47","-0.08%"
"Jun 14, 2016","106.11","106.27","106.42","105.61","-0.13%"
"Jun 13, 2016","106.25","106.92","106.92","105.73","-0.68%"
"Jun 10, 2016","106.98","107.08","107.28","106.56","-0.10%"
"Jun 09, 2016","107.09","106.97","107.19","106.25","0.10%"
"Jun 08, 2016","106.98","107.34","107.39","106.58","-0.35%"
"Jun 07, 2016","107.36","107.58","107.92","107.17","-0.19%"
"Jun 06, 2016","107.56","106.44","107.66","106.36","0.97%"
"Jun 03, 2016","106.53","108.88","109.14","106.50","-2.14%"
"Jun 02, 2016","108.86","109.53","109.59","108.50","-0.61%"
"Jun 01, 2016","109.53","110.69","110.83","109.05","-1.07%"
"May 31, 2016","110.71","111.13","111.37","110.51","-0.38%"
"May 30, 2016","111.13","110.42","111.45","110.31","0.82%"
"May 27, 2016","110.23","109.77","110.47","109.47","0.42%"
"May 26, 2016","109.77","110.19","110.25","109.39","-0.38%"
"May 25, 2016","110.19","110.00","110.47","109.86","0.18%"
"May 24, 2016","109.99","109.23","110.12","109.15","0.70%"
"May 23, 2016","109.23","110.09","110.25","109.09","-0.84%"
"May 20, 2016","110.15","109.96","110.59","109.84","0.16%"
"May 19, 2016","109.97","110.19","110.39","109.69","-0.20%"
"May 18, 2016","110.19","109.14","110.27","108.72","0.96%"
"May 17, 2016","109.14","109.03","109.66","108.83","0.10%"
"May 16, 2016","109.03","108.56","109.11","108.44","0.39%"
"May 13, 2016","108.61","109.02","109.50","108.52","-0.39%"
"May 12, 2016","109.03","108.42","109.41","108.22","0.56%"
"May 11, 2016","108.42","109.27","109.39","108.36","-0.78%"
"May 10, 2016","109.27","108.34","109.36","108.25","0.87%"
"May 09, 2016","108.33","107.11","108.61","107.02","1.13%"
"May 06, 2016","107.12","107.28","107.44","106.45","-0.12%"
"May 05, 2016","107.25","107.00","107.50","106.80","0.21%"
"May 04, 2016","107.02","106.61","107.47","106.25","0.38%"
"May 03, 2016","106.61","106.42","106.69","105.53","0.18%"
"May 02, 2016","106.42","106.29","106.83","106.16","0.06%"
"Apr 29, 2016","106.36","108.11","108.20","106.28","-1.62%"
"Apr 28, 2016","108.11","111.50","111.92","107.88","-3.01%"
"Apr 27, 2016","111.47","111.31","111.77","111.02","0.14%"
"Apr 26, 2016","111.31","111.20","111.48","110.66","0.10%"
"Apr 25, 2016","111.20","111.56","111.92","110.83","-0.53%"
"Apr 22, 2016","111.79","109.46","111.82","109.25","2.14%"
"Apr 21, 2016","109.45","109.88","109.91","109.31","-0.36%"
"Apr 20, 2016","109.84","109.20","109.89","108.75","0.59%"
"Apr 19, 2016","109.20","108.83","109.52","108.76","0.34%"
"Apr 18, 2016","108.83","108.23","109.00","107.83","0.06%"
"Apr 15, 2016","108.77","109.41","109.77","108.61","-0.58%"
"Apr 14, 2016","109.40","109.36","109.57","108.91","0.05%"
"Apr 13, 2016","109.34","108.53","109.41","108.48","0.73%"
"Apr 12, 2016","108.55","107.93","108.80","107.84","0.57%"
"Apr 11, 2016","107.94","108.05","108.44","107.61","-0.11%"
"Apr 08, 2016","108.06","108.20","109.11","108.01","-0.15%"
"Apr 07, 2016","108.22","109.78","109.86","107.67","-1.44%"
"Apr 06, 2016","109.80","110.32","110.64","109.31","-0.48%"
"Apr 05, 2016","110.33","111.32","111.36","109.94","-0.90%"
"Apr 04, 2016","111.33","111.68","111.81","111.06","-0.30%"
"Apr 01, 2016","111.67","112.56","112.59","111.56","-0.81%"
"Mar 31, 2016","112.58","112.39","112.67","112.08","0.14%"
"Mar 30, 2016","112.42","112.69","112.81","111.99","-0.24%"
"Mar 29, 2016","112.69","113.42","113.81","112.58","-0.67%"
"Mar 28, 2016","113.45","113.08","113.70","113.03","0.34%"
"Mar 25, 2016","113.07","112.91","113.33","112.73","0.14%"
"Mar 24, 2016","112.91","112.37","113.02","112.27","0.47%"
"Mar 23, 2016","112.38","112.36","112.93","112.12","0.00%"
"Mar 22, 2016","112.38","111.94","112.50","111.36","0.39%"
"Mar 21, 2016","111.94","111.43","111.98","111.20","0.33%"
"Mar 18, 2016","111.57","111.38","111.77","110.80","0.16%"
"Mar 17, 2016","111.39","112.53","112.97","110.65","-1.07%"
"Mar 16, 2016","112.59","113.14","113.83","112.31","-0.53%"
"Mar 15, 2016","113.19","113.81","113.94","112.61","-0.56%"
"Mar 14, 2016","113.83","113.82","114.02","113.48","0.02%"
"Mar 11, 2016","113.81","113.18","113.92","112.76","0.55%"
"Mar 10, 2016","113.19","113.34","114.45","112.61","-0.13%"
"Mar 09, 2016","113.34","112.62","113.48","112.20","0.65%"
"Mar 08, 2016","112.61","113.45","113.52","112.41","-0.76%"
"Mar 07, 2016","113.47","113.78","114.09","113.20","-0.25%"
"Mar 04, 2016","113.76","113.68","114.26","113.15","0.06%"
"Mar 03, 2016","113.69","113.48","114.28","113.28","0.19%"
"Mar 02, 2016","113.48","114.00","114.58","113.19","-0.46%"
"Mar 01, 2016","114.01","112.67","114.21","112.14","1.17%"
"Feb 29, 2016","112.69","113.84","114.01","112.62","-1.15%"
"Feb 26, 2016","114.00","112.98","114.00","112.54","0.88%"
"Feb 25, 2016","113.00","112.17","113.03","111.87","0.72%"
"Feb 24, 2016","112.19","112.09","112.28","111.04","0.07%"
"Feb 23, 2016","112.11","112.88","113.06","111.75","-0.72%"
"Feb 22, 2016","112.92","112.61","113.39","112.34","0.31%"
"Feb 19, 2016","112.57","113.23","113.40","112.28","-0.60%"
"Feb 18, 2016","113.25","114.09","114.33","113.11","-0.75%"
"Feb 17, 2016","114.11","114.06","114.52","113.35","0.03%"
"Feb 16, 2016","114.08","114.57","114.89","113.57","-0.44%"
"Feb 15, 2016","114.58","113.20","114.72","113.04","1.20%"
"Feb 12, 2016","113.22","112.40","113.55","111.72","0.71%"
"Feb 11, 2016","112.42","113.31","113.59","110.98","-0.81%"
"Feb 10, 2016","113.34","115.12","115.28","113.12","-1.54%"
"Feb 09, 2016","115.11","115.84","115.86","114.22","-0.63%"
"Feb 08, 2016","115.84","116.88","117.53","115.17","-0.91%"
"Feb 05, 2016","116.90","116.77","117.42","116.42","0.11%"
"Feb 04, 2016","116.77","117.88","118.25","116.50","-0.98%"
"Feb 03, 2016","117.92","119.94","120.06","117.03","-1.71%"
"Feb 02, 2016","119.97","120.98","121.06","119.82","-0.83%"
"Feb 01, 2016","120.98","121.10","121.48","120.66","-0.07%"
"Jan 29, 2016","121.06","118.80","121.70","118.48","1.88%"
"Jan 28, 2016","118.83","118.67","119.00","118.39","0.13%"
"Jan 27, 2016","118.67","118.41","119.08","118.01","0.21%"
"Jan 26, 2016","118.42","118.29","118.62","117.63","0.10%"
"Jan 25, 2016","118.30","118.50","118.86","118.16","-0.40%"
"Jan 22, 2016","118.78","117.70","118.89","117.52","0.92%"
"Jan 21, 2016","117.70","116.92","117.83","116.45","0.65%"
"Jan 20, 2016","116.94","117.61","117.69","115.96","-0.60%"
"Jan 19, 2016","117.64","117.31","118.13","117.23","0.26%"
"Jan 18, 2016","117.34","116.88","117.47","116.55","0.24%"
"Jan 15, 2016","117.06","118.02","118.28","116.49","-0.84%"
"Jan 14, 2016","118.05","117.66","118.28","117.27","0.31%"
"Jan 13, 2016","117.69","117.64","118.39","117.61","0.04%"
"Jan 12, 2016","117.64","117.73","118.08","117.20","-0.11%"
"Jan 11, 2016","117.77","117.43","118.03","116.68","0.27%"
"Jan 08, 2016","117.45","117.66","118.77","117.42","-0.20%"
"Jan 07, 2016","117.68","118.46","118.77","117.30","-0.67%"
"Jan 06, 2016","118.47","119.05","119.17","118.22","-0.50%"
"Jan 05, 2016","119.06","119.41","119.71","118.77","-0.32%"
"Jan 04, 2016","119.44","120.27","120.47","118.68","-0.74%"
"Jan 01, 2016","120.33","120.27","120.33","120.27","0.01%"
"Dec 31, 2015","120.32","120.49","120.60","119.98","-0.17%"
"Dec 30, 2015","120.52","120.46","120.67","120.32","0.04%"
"Dec 29, 2015","120.47","120.38","120.50","120.20","0.05%"
"Dec 28, 2015","120.41","120.22","120.66","120.15","-0.01%"
"Dec 25, 2015","120.42","120.46","120.48","120.02","-0.02%"
"Dec 24, 2015","120.44","120.90","121.00","120.22","-0.41%"
"Dec 23, 2015","120.93","121.06","121.14","120.78","-0.12%"
"Dec 22, 2015","121.08","121.16","121.33","120.70","-0.09%"
"Dec 21, 2015","121.19","121.21","121.55","120.83","-0.02%"
"Dec 18, 2015","121.22","122.55","123.60","121.04","-1.09%"
"Dec 17, 2015","122.56","122.19","122.88","122.17","0.28%"
"Dec 16, 2015","122.22","121.65","122.42","121.41","0.44%"
"Dec 15, 2015","121.68","121.02","121.82","120.55","0.54%"
"Dec 14, 2015","121.03","120.96","121.36","120.32","0.14%"
"Dec 11, 2015","120.86","121.58","122.22","120.57","-0.61%"
"Dec 10, 2015","121.60","121.45","121.89","121.23","0.13%"
"Dec 09, 2015","121.44","122.92","123.06","121.05","-1.20%"
"Dec 08, 2015","122.92","123.36","123.42","122.69","-0.37%"
"Dec 07, 2015","123.38","123.20","123.47","123.12","0.17%"
"Dec 04, 2015","123.17","122.57","123.38","122.44","0.46%"
"Dec 03, 2015","122.61","123.24","123.58","122.27","-0.52%"
"Dec 02, 2015","123.25","122.87","123.67","122.80","0.31%"
"Dec 01, 2015","122.87","123.08","123.29","122.62","-0.19%"
"Nov 30, 2015","123.10","122.79","123.36","122.66","0.21%"
"Nov 27, 2015","122.84","122.60","122.89","122.28","0.18%"
"Nov 26, 2015","122.62","122.68","122.75","122.47","-0.08%"
"Nov 25, 2015","122.72","122.51","122.95","122.23","0.16%"
"Nov 24, 2015","122.53","122.83","122.97","122.29","-0.25%"
"Nov 23, 2015","122.84","122.77","123.28","122.73","-0.06%"
"Nov 20, 2015","122.91","122.85","123.07","122.70","0.04%"
"Nov 19, 2015","122.86","123.62","123.64","122.60","-0.63%"
"Nov 18, 2015","123.64","123.43","123.69","123.19","0.15%"
"Nov 17, 2015","123.45","123.17","123.50","123.14","0.23%"
"Nov 16, 2015","123.17","122.32","123.30","122.20","0.43%"
"Nov 13, 2015","122.64","122.59","123.00","122.43","0.02%"
"Nov 12, 2015","122.61","122.85","123.09","122.53","-0.19%"
"Nov 11, 2015","122.84","123.16","123.25","122.73","-0.24%"
"Nov 10, 2015","123.14","123.17","123.45","123.00","-0.04%"
"Nov 09, 2015","123.19","123.14","123.61","122.95","0.02%"
"Nov 06, 2015","123.16","121.74","123.29","121.60","1.16%"
"Nov 05, 2015","121.75","121.56","122.01","121.35","0.16%"
"Nov 04, 2015","121.56","121.06","121.73","120.98","0.41%"
"Nov 03, 2015","121.06","120.73","121.23","120.57","0.26%"
"Nov 02, 2015","120.75","120.63","120.81","120.24","0.11%"
"Oct 30, 2015","120.62","121.12","121.47","120.26","-0.42%"
"Oct 29, 2015","121.13","121.08","121.19","120.56","0.03%"
"Oct 28, 2015","121.09","120.44","121.28","120.23","0.52%"
"Oct 27, 2015","120.46","121.10","121.11","120.14","-0.52%"
"Oct 26, 2015","121.09","121.41","121.53","120.59","-0.31%"
"Oct 23, 2015","121.47","120.69","121.50","120.21","0.65%"
"Oct 22, 2015","120.69","119.90","120.79","119.59","0.62%"
"Oct 21, 2015","119.95","119.83","120.11","119.73","0.09%"
"Oct 20, 2015","119.84","119.47","119.98","119.38","0.28%"
"Oct 19, 2015","119.50","119.47","119.58","119.12","0.05%"
"Oct 16, 2015","119.44","118.88","119.69","118.80","0.46%"
"Oct 15, 2015","118.89","118.81","119.18","118.04","0.05%"
"Oct 14, 2015","118.83","119.73","119.81","118.62","-0.77%"
"Oct 13, 2015","119.75","120.04","120.08","119.53","-0.23%"
"Oct 12, 2015","120.03","120.24","120.28","119.86","-0.21%"
"Oct 09, 2015","120.28","119.93","120.38","119.82","0.28%"
"Oct 08, 2015","119.94","120.00","120.12","119.60","-0.07%"
"Oct 07, 2015","120.02","120.20","120.36","119.72","-0.19%"
"Oct 06, 2015","120.25","120.46","120.58","120.08","-0.17%"
"Oct 05, 2015","120.46","119.97","120.56","119.85","0.46%"
"Oct 02, 2015","119.91","119.92","120.42","118.67","-0.03%"
"Oct 01, 2015","119.94","119.85","120.30","119.48","0.07%"
"Sep 30, 2015","119.86","119.72","120.38","119.54","0.11%"
"Sep 29, 2015","119.73","119.91","120.17","119.22","-0.16%"
"Sep 28, 2015","119.92","120.51","120.59","119.67","-0.55%"
"Sep 25, 2015","120.58","120.06","121.26","119.99","0.42%"
"Sep 24, 2015","120.08","120.25","120.41","119.21","-0.18%"
"Sep 23, 2015","120.30","120.12","120.56","119.61","0.12%"
"Sep 22, 2015","120.15","120.56","120.64","119.68","-0.33%"
"Sep 21, 2015","120.55","119.79","120.67","119.71","0.46%"
"Sep 18, 2015","120.00","119.98","120.30","119.03","0.00%"
"Sep 17, 2015","120.00","120.54","121.02","119.77","-0.46%"
"Sep 16, 2015","120.56","120.40","120.73","120.08","0.10%"
"Sep 15, 2015","120.44","120.23","120.67","119.38","0.17%"
"Sep 14, 2015","120.23","120.58","120.84","119.83","-0.29%"
"Sep 11, 2015","120.58","120.60","120.99","120.34","-0.02%"
"Sep 10, 2015","120.61","120.51","121.34","119.95","0.08%"
"Sep 09, 2015","120.51","119.81","121.22","119.78","0.58%"
"Sep 08, 2015","119.81","119.27","120.23","118.83","0.44%"
"Sep 07, 2015","119.28","118.65","119.58","118.65","0.24%"
"Sep 04, 2015","119.00","120.05","120.19","118.75","-0.90%"
"Sep 03, 2015","120.08","120.32","120.70","119.62","-0.21%"
"Sep 02, 2015","120.33","119.37","120.47","119.20","0.80%"
"Sep 01, 2015","119.38","121.20","121.28","119.26","-1.52%"
"Aug 31, 2015","121.22","121.65","121.75","120.86","-0.41%"
"Aug 28, 2015","121.72","121.00","121.73","120.63","0.57%"
"Aug 27, 2015","121.03","119.90","121.39","119.77","0.93%"
"Aug 26, 2015","119.92","118.84","120.03","118.43","0.87%"
"Aug 25, 2015","118.88","118.39","120.41","118.23","0.39%"
"Aug 24, 2015","118.42","121.68","122.04","116.46","-2.96%"
"Aug 21, 2015","122.03","123.40","123.50","121.80","-1.12%"
"Aug 20, 2015","123.41","123.78","124.17","123.31","-0.32%"
"Aug 19, 2015","123.81","124.39","124.50","123.68","-0.48%"
"Aug 18, 2015","124.41","124.37","124.53","124.16","0.02%"
"Aug 17, 2015","124.39","124.39","124.58","124.19","0.06%"
"Aug 14, 2015","124.31","124.40","124.56","124.02","-0.09%"
"Aug 13, 2015","124.42","124.18","124.64","124.06","0.17%"
"Aug 12, 2015","124.21","125.10","125.29","123.77","-0.74%"
"Aug 11, 2015","125.13","124.61","125.23","124.49","0.40%"
"Aug 10, 2015","124.63","124.13","124.80","124.12","0.33%"
"Aug 07, 2015","124.22","124.74","125.08","124.08","-0.42%"
"Aug 06, 2015","124.74","124.85","124.97","124.52","-0.13%"
"Aug 05, 2015","124.90","124.38","125.03","123.99","0.41%"
"Aug 04, 2015","124.39","124.00","124.41","123.77","0.29%"
"Aug 03, 2015","124.03","124.00","124.30","123.83","0.07%"
"Jul 31, 2015","123.94","124.15","124.39","123.50","-0.16%"
"Jul 30, 2015","124.14","123.93","124.58","123.85","0.16%"
"Jul 29, 2015","123.94","123.56","124.03","123.30","0.31%"
"Jul 28, 2015","123.56","123.25","123.81","123.04","0.25%"
"Jul 27, 2015","123.25","123.71","123.86","122.98","-0.46%"
"Jul 24, 2015","123.82","123.90","124.12","123.57","-0.08%"
"Jul 23, 2015","123.92","123.94","124.20","123.65","-0.04%"
"Jul 22, 2015","123.97","123.85","124.17","123.54","0.06%"
"Jul 21, 2015","123.89","124.26","124.50","123.73","-0.31%"
"Jul 20, 2015","124.27","124.06","124.39","123.96","0.15%"
"Jul 17, 2015","124.08","124.15","124.23","123.89","-0.06%"
"Jul 16, 2015","124.16","123.76","124.19","123.71","0.31%"
"Jul 15, 2015","123.78","123.36","123.99","123.23","0.32%"
"Jul 14, 2015","123.38","123.42","123.75","122.91","-0.05%"
"Jul 13, 2015","123.44","122.00","123.55","122.00","0.56%"
"Jul 10, 2015","122.75","121.33","122.89","121.25","1.16%"
"Jul 09, 2015","121.34","120.71","121.58","120.44","0.53%"
"Jul 08, 2015","120.70","122.52","122.58","120.38","-1.51%"
"Jul 07, 2015","122.55","122.56","122.89","121.98","-0.02%"
"Jul 06, 2015","122.58","122.05","122.94","121.72","-0.19%"
"Jul 03, 2015","122.81","123.03","123.20","122.57","-0.20%"
"Jul 02, 2015","123.06","123.16","123.75","122.94","-0.09%"
"Jul 01, 2015","123.17","122.46","123.25","122.33","0.55%"
"Jun 30, 2015","122.50","122.53","122.73","121.92","-0.03%"
"Jun 29, 2015","122.54","122.70","123.20","122.10","-1.07%"
"Jun 26, 2015","123.86","123.60","123.98","123.20","0.19%"
"Jun 25, 2015","123.62","123.84","123.97","123.30","-0.19%"
"Jun 24, 2015","123.85","123.93","124.38","123.69","-0.08%"
"Jun 23, 2015","123.95","123.35","124.19","123.32","0.46%"
"Jun 22, 2015","123.38","122.81","123.44","122.54","0.58%"
"Jun 19, 2015","122.67","122.95","123.25","122.53","-0.24%"
"Jun 18, 2015","122.97","123.42","123.61","122.46","-0.38%"
"Jun 17, 2015","123.44","123.34","124.45","123.19","0.06%"
"Jun 16, 2015","123.36","123.41","123.79","123.27","-0.05%"
"Jun 15, 2015","123.42","123.34","123.67","123.10","0.02%"
"Jun 12, 2015","123.39","123.39","123.83","123.11","-0.02%"
"Jun 11, 2015","123.42","122.67","124.15","122.60","0.61%"
"Jun 10, 2015","122.67","124.32","124.64","122.43","-1.34%"
"Jun 09, 2015","124.34","124.46","124.75","123.84","-0.11%"
"Jun 08, 2015","124.48","125.58","125.69","124.28","-0.91%"
"Jun 05, 2015","125.62","124.35","125.86","124.32","1.00%"
"Jun 04, 2015","124.38","124.24","124.69","123.76","0.10%"
"Jun 03, 2015","124.25","124.11","124.69","123.77","0.11%"
"Jun 02, 2015","124.11","124.76","125.06","123.74","-0.54%"
"Jun 01, 2015","124.78","124.10","124.93","123.85","0.52%"
"May 29, 2015","124.14","123.95","124.22","123.58","0.15%"
"May 28, 2015","123.95","123.61","124.47","123.47","0.23%"
"May 27, 2015","123.67","123.05","124.08","122.76","0.45%"
"May 26, 2015","123.11","121.55","123.34","121.48","1.28%"
"May 25, 2015","121.56","121.48","121.78","121.42","0.01%"
"May 22, 2015","121.55","121.02","121.58","120.61","0.42%"
"May 21, 2015","121.04","121.31","121.40","120.82","-0.26%"
"May 20, 2015","121.36","120.68","121.48","120.56","0.56%"
"May 19, 2015","120.69","119.98","120.73","119.80","0.58%"
"May 18, 2015","119.99","119.25","120.04","119.22","0.59%"
"May 15, 2015","119.29","119.13","119.95","119.13","0.10%"
"May 14, 2015","119.17","119.15","119.38","118.86","0.01%"
"May 13, 2015","119.16","119.86","119.99","119.01","-0.58%"
"May 12, 2015","119.86","120.07","120.28","119.76","-0.18%"
"May 11, 2015","120.08","119.65","120.17","119.43","0.23%"
"May 08, 2015","119.81","119.72","120.25","119.58","0.07%"
"May 07, 2015","119.73","119.43","119.86","119.03","0.22%"
"May 06, 2015","119.47","119.84","120.08","119.18","-0.32%"
"May 05, 2015","119.85","120.10","120.54","119.71","-0.24%"
"May 04, 2015","120.14","120.15","120.31","119.97","-0.02%"
"May 01, 2015","120.17","119.37","120.30","119.34","0.68%"
"Apr 30, 2015","119.36","118.98","119.92","118.47","0.27%"
"Apr 29, 2015","119.04","118.82","119.38","118.58","0.15%"
"Apr 28, 2015","118.86","119.00","119.22","118.75","-0.15%"
"Apr 27, 2015","119.04","118.98","119.44","118.75","0.05%"
"Apr 24, 2015","118.98","119.58","119.67","118.80","-0.50%"
"Apr 23, 2015","119.58","119.91","120.11","119.40","-0.28%"
"Apr 22, 2015","119.92","119.65","119.97","119.32","0.21%"
"Apr 21, 2015","119.67","119.14","119.83","119.14","0.39%"
"Apr 20, 2015","119.20","118.80","119.45","118.51","0.24%"
"Apr 17, 2015","118.92","118.99","119.28","118.54","-0.08%"
"Apr 16, 2015","119.01","119.15","119.49","118.77","-0.12%"
"Apr 15, 2015","119.15","119.39","119.76","118.76","-0.20%"
"Apr 14, 2015","119.39","120.10","120.19","119.04","-0.62%"
"Apr 13, 2015","120.14","120.19","120.88","119.74","-0.07%"
"Apr 10, 2015","120.22","120.59","120.64","120.03","-0.31%"
"Apr 09, 2015","120.59","120.12","120.76","119.83","0.37%"
"Apr 08, 2015","120.14","120.24","120.36","119.62","-0.12%"
"Apr 07, 2015","120.28","119.52","120.45","119.41","0.63%"
"Apr 06, 2015","119.53","118.93","119.69","118.77","0.47%"
"Apr 03, 2015","118.97","119.71","119.80","118.69","-0.63%"
"Apr 02, 2015","119.72","119.76","119.91","119.42","-0.04%"
"Apr 01, 2015","119.77","120.10","120.34","119.40","-0.31%"
"Mar 31, 2015","120.14","120.06","120.38","119.76","0.05%"
"Mar 30, 2015","120.08","119.12","120.23","119.09","0.79%"
"Mar 27, 2015","119.14","119.18","119.53","118.91","-0.05%"
"Mar 26, 2015","119.20","119.48","119.59","118.30","-0.25%"
"Mar 25, 2015","119.50","119.75","119.85","119.22","-0.21%"
"Mar 24, 2015","119.75","119.71","120.00","119.21","0.02%"
"Mar 23, 2015","119.73","120.05","120.17","119.57","-0.25%"
"Mar 20, 2015","120.03","120.79","121.20","119.88","-0.64%"
"Mar 19, 2015","120.80","120.09","121.05","119.66","0.57%"
"Mar 18, 2015","120.11","121.36","121.42","119.38","-1.03%"
"Mar 17, 2015","121.36","121.32","121.53","121.09","0.02%"
"Mar 16, 2015","121.33","121.37","121.50","121.07","-0.05%"
"Mar 13, 2015","121.39","121.27","121.58","121.11","0.07%"
"Mar 12, 2015","121.30","121.42","121.69","120.67","-0.12%"
"Mar 11, 2015","121.45","121.11","121.63","120.85","0.26%"
"Mar 10, 2015","121.14","121.15","122.03","120.91","-0.02%"
"Mar 09, 2015","121.16","120.80","121.42","120.58","0.26%"
"Mar 06, 2015","120.84","120.12","121.29","119.88","0.57%"
"Mar 05, 2015","120.15","119.65","120.41","119.60","0.39%"
"Mar 04, 2015","119.68","119.72","119.85","119.45","-0.04%"
"Mar 03, 2015","119.73","120.12","120.27","119.35","-0.33%"
"Mar 02, 2015","120.13","119.55","120.19","119.55","0.49%"
"Feb 27, 2015","119.54","119.41","119.82","119.09","0.10%"
"Feb 26, 2015","119.42","118.86","119.51","118.65","0.47%"
"Feb 25, 2015","118.86","118.96","119.08","118.59","-0.10%"
"Feb 24, 2015","118.98","118.81","119.84","118.74","0.14%"
"Feb 23, 2015","118.81","119.00","119.36","118.71","-0.18%"
"Feb 20, 2015","119.03","118.93","119.20","118.27","0.08%"
"Feb 19, 2015","118.94","118.78","119.19","118.45","0.13%"
"Feb 18, 2015","118.79","119.25","119.42","118.52","-0.39%"
"Feb 17, 2015","119.25","118.46","119.44","118.21","0.65%"
"Feb 16, 2015","118.48","118.74","118.87","118.16","-0.23%"
"Feb 13, 2015","118.75","119.10","119.22","118.40","-0.30%"
"Feb 12, 2015","119.11","120.45","120.47","118.49","-1.13%"
"Feb 11, 2015","120.47","119.41","120.50","119.26","0.87%"
"Feb 10, 2015","119.43","118.61","119.63","118.37","0.67%"
"Feb 09, 2015","118.64","119.16","119.20","118.31","-0.29%"
"Feb 06, 2015","118.98","117.51","119.24","117.16","1.23%"
"Feb 05, 2015","117.53","117.24","117.61","116.99","0.21%"
"Feb 04, 2015","117.28","117.55","118.00","117.05","-0.25%"
"Feb 03, 2015","117.57","117.60","117.76","116.86","-0.02%"
"Feb 02, 2015","117.59","117.45","117.88","116.65","0.12%"
"Jan 30, 2015","117.45","118.29","118.47","117.28","-0.71%"
"Jan 29, 2015","118.29","117.53","118.51","117.36","0.63%"
"Jan 28, 2015","117.55","117.85","118.27","117.25","-0.27%"
"Jan 27, 2015","117.87","118.45","118.67","117.32","-0.50%"
"Jan 26, 2015","118.46","117.76","118.51","117.25","0.58%"
"Jan 23, 2015","117.78","118.48","118.84","117.52","-0.60%"
"Jan 22, 2015","118.49","117.93","118.67","117.24","0.46%"
"Jan 21, 2015","117.95","118.79","118.86","117.16","-0.72%"
"Jan 20, 2015","118.81","117.55","118.89","117.53","1.05%"
"Jan 19, 2015","117.57","117.60","117.80","116.91","-0.06%"
"Jan 16, 2015","117.64","116.15","117.78","115.82","1.27%"
"Jan 15, 2015","116.17","117.32","117.94","116.13","-0.99%"
"Jan 14, 2015","117.33","117.93","117.97","116.05","-0.51%"
"Jan 13, 2015","117.93","118.33","118.85","117.53","-0.35%"
"Jan 12, 2015","118.35","118.50","119.34","118.08","-0.15%"
"Jan 09, 2015","118.53","119.66","119.91","118.40","-0.94%"
"Jan 08, 2015","119.66","119.23","119.97","119.13","0.34%"
"Jan 07, 2015","119.25","118.40","119.64","118.35","0.71%"
"Jan 06, 2015","118.41","119.61","119.64","118.04","-1.03%"
"Jan 05, 2015","119.64","120.46","120.64","119.38","-0.71%"
"Jan 02, 2015","120.50","119.78","120.75","119.71","0.59%"
"Jan 01, 2015","119.79","119.67","119.87","119.64","0.08%"